[2026-08-14 17:25:35] WARNING  discord.client: PyNaCl is not installed, voice will NOT be supported
[2026-08-14 17:25:35] WARNING  discord.client: davey is not installed, voice will NOT be supported
[2026-08-14 17:25:35] INFO     discord.client: logging in using static token
[2026-08-14 17:25:36] INFO     tamoza: Initialising database pool…
[2026-08-14 17:25:36] INFO     database.db: Database pool established.
[2026-08-14 17:25:36] INFO     database.db: Schema applied successfully.
[2026-08-14 17:25:36] INFO     tamoza: Loading cogs…
[2026-08-14 17:25:36] INFO     tamoza:   ✓ Loaded cogs.settings
[2026-08-14 17:25:36] INFO     tamoza:   ✓ Loaded cogs.message_logs
[2026-08-14 17:25:36] INFO     tamoza:   ✓ Loaded cogs.member_logs
[2026-08-14 17:25:36] INFO     tamoza:   ✓ Loaded cogs.voice_logs
[2026-08-14 17:25:36] INFO     tamoza:   ✓ Loaded cogs.channel_logs
[2026-08-14 17:25:36] INFO     tamoza:   ✓ Loaded cogs.role_logs
[2026-08-14 17:25:36] ERROR    tamoza:   ✗ Failed to load cogs.server_logs: Extension 'cogs.server_logs' raised an error: AttributeError: module 'discord' has no attribute 'AutoModActionType'
Traceback (most recent call last):
  File "C:\Users\Tamoza\AppData\Local\Python\pythoncore-3.14-64\Lib\site-packages\discord\ext\commands\bot.py", line 962, in _load_from_module_spec
    spec.loader.exec_module(lib)  # type: ignore
    ~~~~~~~~~~~~~~~~~~~~~~~^^^^^
  File "<frozen importlib._bootstrap_external>", line 759, in exec_module
  File "<frozen importlib._bootstrap>", line 491, in _call_with_frames_removed
  File "E:\My Test Program\TamozaLogger\cogs\server_logs.py", line 30, in <module>
    discord.AutoModActionType.block_message:    "🚫 Message Blocked",
    ^^^^^^^^^^^^^^^^^^^^^^^^^
AttributeError: module 'discord' has no attribute 'AutoModActionType'. Did you mean: 'AutoModAction'?

The above exception was the direct cause of the following exception:

Traceback (most recent call last):
  File "E:\My Test Program\TamozaLogger\bot.py", line 110, in setup_hook
    await self.load_extension(cog)
  File "C:\Users\Tamoza\AppData\Local\Python\pythoncore-3.14-64\Lib\site-packages\discord\ext\commands\bot.py", line 1040, in load_extension
    await self._load_from_module_spec(spec, name)
  File "C:\Users\Tamoza\AppData\Local\Python\pythoncore-3.14-64\Lib\site-packages\discord\ext\commands\bot.py", line 965, in _load_from_module_spec
    raise errors.ExtensionFailed(key, e) from e
discord.ext.commands.errors.ExtensionFailed: Extension 'cogs.server_logs' raised an error: AttributeError: module 'discord' has no attribute 'AutoModActionType'
[2026-08-14 17:25:36] INFO     tamoza: Slash commands synced globally (may take up to 1 hour).
[2026-08-14 17:25:39] INFO     tamoza: ============================================================
[2026-08-14 17:25:39] INFO     tamoza: TamozaLogger is online!
[2026-08-14 17:25:39] INFO     tamoza:   User   : TamozaLogger#5871 (ID: 1537827250538414193)
[2026-08-14 17:25:39] INFO     tamoza:   Guilds : 0
[2026-08-14 17:25:39] INFO     tamoza: ============================================================
[2026-08-14 17:27:00] WARNING  discord.client: PyNaCl is not installed, voice will NOT be supported
[2026-08-14 17:27:00] WARNING  discord.client: davey is not installed, voice will NOT be supported
[2026-08-14 17:27:00] INFO     discord.client: logging in using static token
[2026-08-14 17:27:00] INFO     tamoza: Initialising database pool…
[2026-08-14 17:27:00] INFO     database.db: Database pool established.
[2026-08-14 17:27:00] INFO     database.db: Schema applied successfully.
[2026-08-14 17:27:00] INFO     tamoza: Loading cogs…
[2026-08-14 17:27:00] INFO     tamoza:   ✓ Loaded cogs.settings
[2026-08-14 17:27:00] INFO     tamoza:   ✓ Loaded cogs.message_logs
[2026-08-14 17:27:00] INFO     tamoza:   ✓ Loaded cogs.member_logs
[2026-08-14 17:27:00] INFO     tamoza:   ✓ Loaded cogs.voice_logs
[2026-08-14 17:27:00] INFO     tamoza:   ✓ Loaded cogs.channel_logs
[2026-08-14 17:27:00] INFO     tamoza:   ✓ Loaded cogs.role_logs
[2026-08-14 17:27:00] INFO     tamoza:   ✓ Loaded cogs.server_logs
[2026-08-14 17:27:01] INFO     tamoza: Slash commands synced globally (may take up to 1 hour).
[2026-08-14 17:27:04] INFO     tamoza: ============================================================
[2026-08-14 17:27:04] INFO     tamoza: TamozaLogger is online!
[2026-08-14 17:27:04] INFO     tamoza:   User   : TamozaLogger#5871 (ID: 1537827250538414193)
[2026-08-14 17:27:04] INFO     tamoza:   Guilds : 0
[2026-08-14 17:27:04] INFO     tamoza: ============================================================
[2026-08-14 17:28:50] WARNING  discord.client: PyNaCl is not installed, voice will NOT be supported
[2026-08-14 17:28:50] WARNING  discord.client: davey is not installed, voice will NOT be supported
[2026-08-14 17:28:50] INFO     discord.client: logging in using static token
[2026-08-14 17:28:51] INFO     tamoza: Initialising database pool…
[2026-08-14 17:28:51] INFO     database.db: Database pool established.
[2026-08-14 17:28:51] INFO     database.db: Schema applied successfully.
[2026-08-14 17:28:51] INFO     tamoza: Loading cogs…
[2026-08-14 17:28:51] INFO     tamoza:   ✓ Loaded cogs.settings
[2026-08-14 17:28:51] INFO     tamoza:   ✓ Loaded cogs.message_logs
[2026-08-14 17:28:51] INFO     tamoza:   ✓ Loaded cogs.member_logs
[2026-08-14 17:28:51] INFO     tamoza:   ✓ Loaded cogs.voice_logs
[2026-08-14 17:28:51] INFO     tamoza:   ✓ Loaded cogs.channel_logs
[2026-08-14 17:28:51] INFO     tamoza:   ✓ Loaded cogs.role_logs
[2026-08-14 17:28:51] INFO     tamoza:   ✓ Loaded cogs.server_logs
[2026-08-14 17:28:51] INFO     tamoza: Shutting down — closing database pool…
[2026-08-14 17:28:51] INFO     database.db: Database pool closed.
[2026-08-14 17:30:29] WARNING  discord.client: PyNaCl is not installed, voice will NOT be supported
[2026-08-14 17:30:29] WARNING  discord.client: davey is not installed, voice will NOT be supported
[2026-08-14 17:30:29] INFO     discord.client: logging in using static token
[2026-08-14 17:30:29] INFO     tamoza: Initialising database pool…
[2026-08-14 17:30:29] INFO     database.db: Database pool established.
[2026-08-14 17:30:29] INFO     database.db: Schema applied successfully.
[2026-08-14 17:30:29] INFO     tamoza: Loading cogs…
[2026-08-14 17:30:29] INFO     tamoza:   ✓ Loaded cogs.settings
[2026-08-14 17:30:29] INFO     tamoza:   ✓ Loaded cogs.message_logs
[2026-08-14 17:30:29] INFO     tamoza:   ✓ Loaded cogs.member_logs
[2026-08-14 17:30:29] INFO     tamoza:   ✓ Loaded cogs.voice_logs
[2026-08-14 17:30:29] INFO     tamoza:   ✓ Loaded cogs.channel_logs
[2026-08-14 17:30:29] INFO     tamoza:   ✓ Loaded cogs.role_logs
[2026-08-14 17:30:29] INFO     tamoza:   ✓ Loaded cogs.server_logs
[2026-08-14 17:30:30] INFO     tamoza: Slash commands synced globally (may take up to 1 hour).
[2026-08-14 17:30:33] INFO     tamoza: ============================================================
[2026-08-14 17:30:33] INFO     tamoza: TamozaLogger is online!
[2026-08-14 17:30:33] INFO     tamoza:   User   : TamozaLogger#5871 (ID: 1537827250538414193)
[2026-08-14 17:30:33] INFO     tamoza:   Guilds : 0
[2026-08-14 17:30:33] INFO     tamoza: ============================================================
[2026-08-14 17:31:01] INFO     tamoza: Joined guild: BF Arabs Bot Test (1510375339669459024)
[2026-08-14 17:32:59] INFO     cogs.settings: Guild 1510375339669459024: set log channel for 'messages' to #message-logs (1537831011520483328)
[2026-08-14 17:33:08] INFO     cogs.settings: Guild 1510375339669459024: set log channel for 'members' to #member-logs (1537831050573643886)
[2026-08-14 17:33:16] INFO     cogs.settings: Guild 1510375339669459024: set log channel for 'voice' to #voice-logs (1537831072446943313)
[2026-08-14 17:33:25] INFO     cogs.settings: Guild 1510375339669459024: set log channel for 'channels' to #channel-logs (1537831103312830544)
[2026-08-14 17:33:39] INFO     cogs.settings: Guild 1510375339669459024: set log channel for 'roles' to #role-logs (1537831158098821120)
[2026-08-14 17:33:49] INFO     cogs.settings: Guild 1510375339669459024: set log channel for 'server' to #server-logs (1537831187337191595)
[2026-08-14 17:33:58] INFO     cogs.settings: Guild 1510375339669459024: set log channel for 'mod' to #mod-logs (1537831222909210634)
[2026-08-14 17:48:35] WARNING  discord.client: PyNaCl is not installed, voice will NOT be supported
[2026-08-14 17:48:35] WARNING  discord.client: davey is not installed, voice will NOT be supported
[2026-08-14 17:48:35] INFO     discord.client: logging in using static token
[2026-08-14 17:48:36] INFO     tamoza: Initialising database pool…
[2026-08-14 17:48:36] INFO     database.db: Database pool established.
[2026-08-14 17:48:36] INFO     database.db: Schema applied successfully.
[2026-08-14 17:48:36] INFO     tamoza: Loading cogs…
[2026-08-14 17:48:36] INFO     tamoza:   ✓ Loaded cogs.settings
[2026-08-14 17:48:36] INFO     tamoza:   ✓ Loaded cogs.message_logs
[2026-08-14 17:48:36] INFO     tamoza:   ✓ Loaded cogs.member_logs
[2026-08-14 17:48:36] INFO     tamoza:   ✓ Loaded cogs.voice_logs
[2026-08-14 17:48:36] INFO     tamoza:   ✓ Loaded cogs.channel_logs
[2026-08-14 17:48:36] INFO     tamoza:   ✓ Loaded cogs.role_logs
[2026-08-14 17:48:36] INFO     tamoza:   ✓ Loaded cogs.server_logs
[2026-08-14 17:48:36] INFO     tamoza: Slash commands synced globally (may take up to 1 hour).
[2026-08-14 17:48:39] INFO     tamoza: ============================================================
[2026-08-14 17:48:39] INFO     tamoza: TamozaLogger is online!
[2026-08-14 17:48:39] INFO     tamoza:   User   : TamozaLogger#5871 (ID: 1537827250538414193)
[2026-08-14 17:48:39] INFO     tamoza:   Guilds : 1
[2026-08-14 17:48:39] INFO     tamoza: ============================================================
[2026-08-14 17:48:39] INFO     cogs.member_logs: [InviteTracker] In-memory cache warmed for 1 guilds.
[2026-08-14 17:48:39] INFO     tamoza: Invite cache seeded for 1/1 guilds.
[2026-08-14 17:49:00] INFO     tamoza: Shutting down — closing database pool…
[2026-08-14 17:49:00] INFO     database.db: Database pool closed.
[2026-08-14 17:49:00] INFO     tamoza: Received KeyboardInterrupt — shutting down.
[2026-08-14 17:49:43] WARNING  discord.client: PyNaCl is not installed, voice will NOT be supported
[2026-08-14 17:49:43] WARNING  discord.client: davey is not installed, voice will NOT be supported
[2026-08-14 17:49:43] INFO     discord.client: logging in using static token
[2026-08-14 17:49:44] INFO     tamoza: Initialising database pool…
[2026-08-14 17:49:44] INFO     database.db: Database pool established.
[2026-08-14 17:49:44] INFO     database.db: Schema applied successfully.
[2026-08-14 17:49:44] INFO     tamoza: Loading cogs…
[2026-08-14 17:49:44] INFO     tamoza:   ✓ Loaded cogs.settings
[2026-08-14 17:49:44] INFO     tamoza:   ✓ Loaded cogs.message_logs
[2026-08-14 17:49:44] INFO     tamoza:   ✓ Loaded cogs.member_logs
[2026-08-14 17:49:44] INFO     tamoza:   ✓ Loaded cogs.voice_logs
[2026-08-14 17:49:44] INFO     tamoza:   ✓ Loaded cogs.channel_logs
[2026-08-14 17:49:44] INFO     tamoza:   ✓ Loaded cogs.role_logs
[2026-08-14 17:49:44] INFO     tamoza:   ✓ Loaded cogs.server_logs
[2026-08-14 17:49:44] INFO     tamoza: Slash commands synced globally (may take up to 1 hour).
[2026-08-14 17:49:47] INFO     tamoza: ============================================================
[2026-08-14 17:49:47] INFO     tamoza: TamozaLogger is online!
[2026-08-14 17:49:47] INFO     tamoza:   User   : TamozaLogger#5871 (ID: 1537827250538414193)
[2026-08-14 17:49:47] INFO     tamoza:   Guilds : 1
[2026-08-14 17:49:47] INFO     tamoza: ============================================================
[2026-08-14 17:49:47] INFO     cogs.member_logs: [InviteTracker] In-memory cache warmed for 1 guilds.
[2026-08-14 17:49:48] INFO     tamoza: Invite cache seeded for 1/1 guilds.
[2026-08-14 17:55:35] INFO     tamoza: Shutting down — closing database pool…
[2026-08-14 17:55:35] INFO     database.db: Database pool closed.
[2026-08-14 17:55:35] INFO     tamoza: Received KeyboardInterrupt — shutting down.
[2026-08-14 17:56:21] WARNING  discord.client: PyNaCl is not installed, voice will NOT be supported
[2026-08-14 17:56:21] WARNING  discord.client: davey is not installed, voice will NOT be supported
[2026-08-14 17:56:21] INFO     discord.client: logging in using static token
[2026-08-14 17:56:21] INFO     tamoza: Initialising database pool…
[2026-08-14 17:56:21] INFO     database.db: Database pool established.
[2026-08-14 17:56:21] INFO     database.db: Schema applied successfully.
[2026-08-14 17:56:21] INFO     tamoza: Loading cogs…
[2026-08-14 17:56:21] INFO     tamoza:   ✓ Loaded cogs.settings
[2026-08-14 17:56:21] INFO     tamoza:   ✓ Loaded cogs.message_logs
[2026-08-14 17:56:21] INFO     tamoza:   ✓ Loaded cogs.member_logs
[2026-08-14 17:56:21] INFO     tamoza:   ✓ Loaded cogs.voice_logs
[2026-08-14 17:56:21] INFO     tamoza:   ✓ Loaded cogs.channel_logs
[2026-08-14 17:56:21] INFO     tamoza:   ✓ Loaded cogs.role_logs
[2026-08-14 17:56:21] INFO     tamoza:   ✓ Loaded cogs.server_logs
[2026-08-14 17:56:21] INFO     tamoza:   ✓ Loaded cogs.whois
[2026-08-14 17:56:22] INFO     tamoza: Slash commands synced globally (may take up to 1 hour).
[2026-08-14 17:56:24] INFO     tamoza: ============================================================
[2026-08-14 17:56:24] INFO     tamoza: TamozaLogger is online!
[2026-08-14 17:56:24] INFO     tamoza:   User   : TamozaLogger#5871 (ID: 1537827250538414193)
[2026-08-14 17:56:24] INFO     tamoza:   Guilds : 1
[2026-08-14 17:56:24] INFO     tamoza: ============================================================
[2026-08-14 17:56:25] INFO     cogs.member_logs: [InviteTracker] In-memory cache warmed for 1 guilds.
[2026-08-14 17:56:25] INFO     tamoza: Invite cache seeded for 1/1 guilds.
[2026-08-14 18:05:12] WARNING  discord.client: PyNaCl is not installed, voice will NOT be supported
[2026-08-14 18:05:12] WARNING  discord.client: davey is not installed, voice will NOT be supported
[2026-08-14 18:05:12] INFO     discord.client: logging in using static token
[2026-08-14 18:05:13] INFO     tamoza: Initialising database pool…
[2026-08-14 18:05:13] INFO     database.db: Database pool established.
[2026-08-14 18:05:13] INFO     database.db: Schema applied successfully.
[2026-08-14 18:05:13] INFO     tamoza: Loading cogs…
[2026-08-14 18:05:13] INFO     tamoza:   ✓ Loaded cogs.settings
[2026-08-14 18:05:13] INFO     tamoza:   ✓ Loaded cogs.message_logs
[2026-08-14 18:05:13] INFO     tamoza:   ✓ Loaded cogs.member_logs
[2026-08-14 18:05:13] INFO     tamoza:   ✓ Loaded cogs.voice_logs
[2026-08-14 18:05:13] INFO     tamoza:   ✓ Loaded cogs.channel_logs
[2026-08-14 18:05:13] INFO     tamoza:   ✓ Loaded cogs.role_logs
[2026-08-14 18:05:13] INFO     tamoza:   ✓ Loaded cogs.server_logs
[2026-08-14 18:05:13] INFO     tamoza:   ✓ Loaded cogs.whois
[2026-08-14 18:05:14] INFO     tamoza: Slash commands synced globally (may take up to 1 hour).
[2026-08-14 18:05:16] INFO     tamoza: ============================================================
[2026-08-14 18:05:16] INFO     tamoza: TamozaLogger is online!
[2026-08-14 18:05:16] INFO     tamoza:   User   : TamozaLogger#5871 (ID: 1537827250538414193)
[2026-08-14 18:05:16] INFO     tamoza:   Guilds : 1
[2026-08-14 18:05:16] INFO     tamoza: ============================================================
[2026-08-14 18:05:17] INFO     cogs.member_logs: [InviteTracker] In-memory cache warmed for 1 guilds.
[2026-08-14 18:05:17] INFO     tamoza: Invite cache seeded for 1/1 guilds.
[2026-08-14 18:06:04] WARNING  discord.client: PyNaCl is not installed, voice will NOT be supported
[2026-08-14 18:06:04] WARNING  discord.client: davey is not installed, voice will NOT be supported
[2026-08-14 18:06:04] INFO     discord.client: logging in using static token
[2026-08-14 18:06:04] INFO     tamoza: Initialising database pool…
[2026-08-14 18:06:05] INFO     database.db: Database pool established.
[2026-08-14 18:06:05] INFO     database.db: Schema applied successfully.
[2026-08-14 18:06:05] INFO     tamoza: Loading cogs…
[2026-08-14 18:06:05] INFO     tamoza:   ✓ Loaded cogs.settings
[2026-08-14 18:06:05] INFO     tamoza:   ✓ Loaded cogs.message_logs
[2026-08-14 18:06:05] INFO     tamoza:   ✓ Loaded cogs.member_logs
[2026-08-14 18:06:05] INFO     tamoza:   ✓ Loaded cogs.voice_logs
[2026-08-14 18:06:05] INFO     tamoza:   ✓ Loaded cogs.channel_logs
[2026-08-14 18:06:05] INFO     tamoza:   ✓ Loaded cogs.role_logs
[2026-08-14 18:06:05] INFO     tamoza:   ✓ Loaded cogs.server_logs
[2026-08-14 18:06:05] INFO     tamoza:   ✓ Loaded cogs.whois
[2026-08-14 18:06:05] INFO     tamoza: Slash commands synced globally (may take up to 1 hour).
[2026-08-14 18:06:09] INFO     tamoza: ============================================================
[2026-08-14 18:06:09] INFO     tamoza: TamozaLogger is online!
[2026-08-14 18:06:09] INFO     tamoza:   User   : TamozaLogger#5871 (ID: 1537827250538414193)
[2026-08-14 18:06:09] INFO     tamoza:   Guilds : 1
[2026-08-14 18:06:09] INFO     tamoza: ============================================================
[2026-08-14 18:06:09] INFO     cogs.member_logs: [InviteTracker] In-memory cache warmed for 1 guilds.
[2026-08-14 18:06:10] INFO     tamoza: Invite cache seeded for 1/1 guilds.
[2026-08-14 18:10:11] WARNING  discord.client: PyNaCl is not installed, voice will NOT be supported
[2026-08-14 18:10:11] WARNING  discord.client: davey is not installed, voice will NOT be supported
[2026-08-14 18:10:11] INFO     discord.client: logging in using static token
[2026-08-14 18:10:11] INFO     tamoza: Initialising database pool…
[2026-08-14 18:10:11] INFO     database.db: Database pool established.
[2026-08-14 18:10:11] INFO     database.db: Schema applied successfully.
[2026-08-14 18:10:11] INFO     tamoza: Loading cogs…
[2026-08-14 18:10:11] INFO     tamoza:   ✓ Loaded cogs.settings
[2026-08-14 18:10:11] INFO     tamoza:   ✓ Loaded cogs.message_logs
[2026-08-14 18:10:11] INFO     tamoza:   ✓ Loaded cogs.member_logs
[2026-08-14 18:10:11] INFO     tamoza:   ✓ Loaded cogs.voice_logs
[2026-08-14 18:10:11] INFO     tamoza:   ✓ Loaded cogs.channel_logs
[2026-08-14 18:10:11] INFO     tamoza:   ✓ Loaded cogs.role_logs
[2026-08-14 18:10:11] INFO     tamoza:   ✓ Loaded cogs.server_logs
[2026-08-14 18:10:11] INFO     tamoza:   ✓ Loaded cogs.whois
[2026-08-14 18:10:12] INFO     tamoza: Slash commands synced globally (may take up to 1 hour).
[2026-08-14 18:10:14] INFO     tamoza: ============================================================
[2026-08-14 18:10:14] INFO     tamoza: TamozaLogger is online!
[2026-08-14 18:10:14] INFO     tamoza:   User   : TamozaLogger#5871 (ID: 1537827250538414193)
[2026-08-14 18:10:14] INFO     tamoza:   Guilds : 1
[2026-08-14 18:10:14] INFO     tamoza: ============================================================
[2026-08-14 18:10:15] INFO     cogs.member_logs: [InviteTracker] In-memory cache warmed for 1 guilds.
[2026-08-14 18:10:15] INFO     tamoza: Invite cache seeded for 1/1 guilds.
[2026-08-14 18:12:09] INFO     tamoza: Shutting down — closing database pool…
[2026-08-14 18:12:09] INFO     database.db: Database pool closed.
[2026-08-14 18:12:09] INFO     tamoza: Received KeyboardInterrupt — shutting down.
[2026-08-14 18:12:11] WARNING  discord.client: PyNaCl is not installed, voice will NOT be supported
[2026-08-14 18:12:11] WARNING  discord.client: davey is not installed, voice will NOT be supported
[2026-08-14 18:12:11] INFO     discord.client: logging in using static token
[2026-08-14 18:12:11] INFO     tamoza: Initialising database pool…
[2026-08-14 18:12:11] INFO     database.db: Database pool established.
[2026-08-14 18:12:11] INFO     database.db: Schema applied successfully.
[2026-08-14 18:12:11] INFO     tamoza: Loading cogs…
[2026-08-14 18:12:11] INFO     tamoza:   ✓ Loaded cogs.settings
[2026-08-14 18:12:11] INFO     tamoza:   ✓ Loaded cogs.message_logs
[2026-08-14 18:12:11] INFO     tamoza:   ✓ Loaded cogs.member_logs
[2026-08-14 18:12:11] INFO     tamoza:   ✓ Loaded cogs.voice_logs
[2026-08-14 18:12:11] INFO     tamoza:   ✓ Loaded cogs.channel_logs
[2026-08-14 18:12:11] INFO     tamoza:   ✓ Loaded cogs.role_logs
[2026-08-14 18:12:11] INFO     tamoza:   ✓ Loaded cogs.server_logs
[2026-08-14 18:12:11] INFO     tamoza:   ✓ Loaded cogs.whois
[2026-08-14 18:12:12] INFO     tamoza: Slash commands synced globally (may take up to 1 hour).
[2026-08-14 18:12:15] INFO     tamoza: ============================================================
[2026-08-14 18:12:15] INFO     tamoza: TamozaLogger is online!
[2026-08-14 18:12:15] INFO     tamoza:   User   : TamozaLogger#5871 (ID: 1537827250538414193)
[2026-08-14 18:12:15] INFO     tamoza:   Guilds : 1
[2026-08-14 18:12:15] INFO     tamoza: ============================================================
[2026-08-14 18:12:15] INFO     cogs.member_logs: [InviteTracker] In-memory cache warmed for 1 guilds.
[2026-08-14 18:12:16] INFO     tamoza: Invite cache seeded for 1/1 guilds.
[2026-08-14 18:14:03] WARNING  discord.client: PyNaCl is not installed, voice will NOT be supported
[2026-08-14 18:14:03] WARNING  discord.client: davey is not installed, voice will NOT be supported
[2026-08-14 18:14:03] INFO     discord.client: logging in using static token
[2026-08-14 18:14:04] INFO     tamoza: Initialising database pool…
[2026-08-14 18:14:04] INFO     database.db: Database pool established.
[2026-08-14 18:14:04] INFO     database.db: Schema applied successfully.
[2026-08-14 18:14:04] INFO     tamoza: Loading cogs…
[2026-08-14 18:14:04] INFO     tamoza:   ✓ Loaded cogs.settings
[2026-08-14 18:14:04] INFO     tamoza:   ✓ Loaded cogs.message_logs
[2026-08-14 18:14:04] INFO     tamoza:   ✓ Loaded cogs.member_logs
[2026-08-14 18:14:04] INFO     tamoza:   ✓ Loaded cogs.voice_logs
[2026-08-14 18:14:04] INFO     tamoza:   ✓ Loaded cogs.channel_logs
[2026-08-14 18:14:04] INFO     tamoza:   ✓ Loaded cogs.role_logs
[2026-08-14 18:14:04] INFO     tamoza:   ✓ Loaded cogs.server_logs
[2026-08-14 18:14:04] INFO     tamoza:   ✓ Loaded cogs.whois
[2026-08-14 18:14:04] INFO     tamoza:   ✓ Loaded cogs.help
[2026-08-14 18:14:06] INFO     tamoza: Slash commands synced globally (may take up to 1 hour).
[2026-08-14 18:14:08] INFO     tamoza: ============================================================
[2026-08-14 18:14:08] INFO     tamoza: TamozaLogger is online!
[2026-08-14 18:14:08] INFO     tamoza:   User   : TamozaLogger#5871 (ID: 1537827250538414193)
[2026-08-14 18:14:08] INFO     tamoza:   Guilds : 1
[2026-08-14 18:14:08] INFO     tamoza: ============================================================
[2026-08-14 18:14:09] INFO     cogs.member_logs: [InviteTracker] In-memory cache warmed for 1 guilds.
[2026-08-14 18:14:09] INFO     tamoza: Invite cache seeded for 1/1 guilds.
[2026-08-14 18:15:20] INFO     tamoza: Shutting down — closing database pool…
[2026-08-14 18:15:20] INFO     database.db: Database pool closed.
[2026-08-14 18:15:20] INFO     tamoza: Received KeyboardInterrupt — shutting down.
[2026-08-14 18:15:23] WARNING  discord.client: PyNaCl is not installed, voice will NOT be supported
[2026-08-14 18:15:23] WARNING  discord.client: davey is not installed, voice will NOT be supported
[2026-08-14 18:15:23] INFO     discord.client: logging in using static token
[2026-08-14 18:15:24] INFO     tamoza: Initialising database pool…
[2026-08-14 18:15:24] INFO     database.db: Database pool established.
[2026-08-14 18:15:24] INFO     database.db: Schema applied successfully.
[2026-08-14 18:15:24] INFO     tamoza: Loading cogs…
[2026-08-14 18:15:24] INFO     tamoza:   ✓ Loaded cogs.settings
[2026-08-14 18:15:24] INFO     tamoza:   ✓ Loaded cogs.message_logs
[2026-08-14 18:15:24] INFO     tamoza:   ✓ Loaded cogs.member_logs
[2026-08-14 18:15:24] INFO     tamoza:   ✓ Loaded cogs.voice_logs
[2026-08-14 18:15:24] INFO     tamoza:   ✓ Loaded cogs.channel_logs
[2026-08-14 18:15:24] INFO     tamoza:   ✓ Loaded cogs.role_logs
[2026-08-14 18:15:24] INFO     tamoza:   ✓ Loaded cogs.server_logs
[2026-08-14 18:15:24] INFO     tamoza:   ✓ Loaded cogs.whois
[2026-08-14 18:15:24] INFO     tamoza:   ✓ Loaded cogs.help
[2026-08-14 18:15:24] INFO     tamoza: Slash commands synced globally (may take up to 1 hour).
[2026-08-14 18:15:27] INFO     tamoza: ============================================================
[2026-08-14 18:15:27] INFO     tamoza: TamozaLogger is online!
[2026-08-14 18:15:27] INFO     tamoza:   User   : TamozaLogger#5871 (ID: 1537827250538414193)
[2026-08-14 18:15:27] INFO     tamoza:   Guilds : 1
[2026-08-14 18:15:27] INFO     tamoza: ============================================================
[2026-08-14 18:15:28] INFO     cogs.member_logs: [InviteTracker] In-memory cache warmed for 1 guilds.
[2026-08-14 18:15:28] INFO     tamoza: Invite cache seeded for 1/1 guilds.
[2026-08-14 18:17:20] WARNING  discord.client: PyNaCl is not installed, voice will NOT be supported
[2026-08-14 18:17:20] WARNING  discord.client: davey is not installed, voice will NOT be supported
[2026-08-14 18:17:20] INFO     discord.client: logging in using static token
[2026-08-14 18:17:21] INFO     tamoza: Initialising database pool…
[2026-08-14 18:17:21] INFO     database.db: Database pool established.
[2026-08-14 18:17:21] INFO     database.db: Schema applied successfully.
[2026-08-14 18:17:21] INFO     tamoza: Loading cogs…
[2026-08-14 18:17:21] INFO     tamoza:   ✓ Loaded cogs.settings
[2026-08-14 18:17:21] INFO     tamoza:   ✓ Loaded cogs.message_logs
[2026-08-14 18:17:21] INFO     tamoza:   ✓ Loaded cogs.member_logs
[2026-08-14 18:17:21] INFO     tamoza:   ✓ Loaded cogs.voice_logs
[2026-08-14 18:17:21] INFO     tamoza:   ✓ Loaded cogs.channel_logs
[2026-08-14 18:17:21] INFO     tamoza:   ✓ Loaded cogs.role_logs
[2026-08-14 18:17:21] INFO     tamoza:   ✓ Loaded cogs.server_logs
[2026-08-14 18:17:21] INFO     tamoza:   ✓ Loaded cogs.whois
[2026-08-14 18:17:21] INFO     tamoza:   ✓ Loaded cogs.help
[2026-08-14 18:17:22] INFO     tamoza: Slash commands synced globally (may take up to 1 hour).
[2026-08-14 18:17:24] INFO     tamoza: ============================================================
[2026-08-14 18:17:24] INFO     tamoza: TamozaLogger is online!
[2026-08-14 18:17:24] INFO     tamoza:   User   : TamozaLogger#5871 (ID: 1537827250538414193)
[2026-08-14 18:17:24] INFO     tamoza:   Guilds : 1
[2026-08-14 18:17:24] INFO     tamoza: ============================================================
[2026-08-14 18:17:25] INFO     cogs.member_logs: [InviteTracker] In-memory cache warmed for 1 guilds.
[2026-08-14 18:17:25] INFO     tamoza: Invite cache seeded for 1/1 guilds.
[2026-08-14 18:17:31] INFO     tamoza: Shutting down — closing database pool…
[2026-08-14 18:17:31] INFO     database.db: Database pool closed.
[2026-08-14 18:17:31] INFO     tamoza: Received KeyboardInterrupt — shutting down.
[2026-08-14 18:22:02] WARNING  discord.client: PyNaCl is not installed, voice will NOT be supported
[2026-08-14 18:22:02] WARNING  discord.client: davey is not installed, voice will NOT be supported
[2026-08-14 18:22:02] INFO     discord.client: logging in using static token
[2026-08-14 18:22:02] INFO     tamoza: Initialising database pool…
[2026-08-14 18:22:02] INFO     database.db: Database pool established.
[2026-08-14 18:22:02] INFO     database.db: Schema applied successfully.
[2026-08-14 18:22:02] INFO     tamoza: Loading cogs…
[2026-08-14 18:22:02] INFO     tamoza:   ✓ Loaded cogs.settings
[2026-08-14 18:22:02] INFO     tamoza:   ✓ Loaded cogs.message_logs
[2026-08-14 18:22:02] INFO     tamoza:   ✓ Loaded cogs.member_logs
[2026-08-14 18:22:02] INFO     tamoza:   ✓ Loaded cogs.voice_logs
[2026-08-14 18:22:02] INFO     tamoza:   ✓ Loaded cogs.channel_logs
[2026-08-14 18:22:02] INFO     tamoza:   ✓ Loaded cogs.role_logs
[2026-08-14 18:22:02] INFO     tamoza:   ✓ Loaded cogs.server_logs
[2026-08-14 18:22:02] INFO     tamoza:   ✓ Loaded cogs.whois
[2026-08-14 18:22:02] INFO     tamoza:   ✓ Loaded cogs.help
[2026-08-14 18:22:03] INFO     tamoza: Slash commands synced globally (may take up to 1 hour).
[2026-08-14 18:22:05] INFO     tamoza: ============================================================
[2026-08-14 18:22:05] INFO     tamoza: TamozaLogger is online!
[2026-08-14 18:22:05] INFO     tamoza:   User   : TamozaLogger#5871 (ID: 1537827250538414193)
[2026-08-14 18:22:05] INFO     tamoza:   Guilds : 1
[2026-08-14 18:22:05] INFO     tamoza: ============================================================
[2026-08-14 18:22:06] INFO     cogs.member_logs: [InviteTracker] In-memory cache warmed for 1 guilds.
[2026-08-14 18:22:06] INFO     tamoza: Invite cache seeded for 1/1 guilds.
[2026-08-14 18:27:24] WARNING  discord.client: PyNaCl is not installed, voice will NOT be supported
[2026-08-14 18:27:24] WARNING  discord.client: davey is not installed, voice will NOT be supported
[2026-08-14 18:27:24] INFO     discord.client: logging in using static token
[2026-08-14 18:27:25] INFO     tamoza: Initialising database pool…
[2026-08-14 18:27:25] INFO     database.db: Database pool established.
[2026-08-14 18:27:25] INFO     database.db: Schema applied successfully.
[2026-08-14 18:27:25] INFO     tamoza: Loading cogs…
[2026-08-14 18:27:25] INFO     tamoza:   ✓ Loaded cogs.settings
[2026-08-14 18:27:25] INFO     tamoza:   ✓ Loaded cogs.message_logs
[2026-08-14 18:27:25] INFO     tamoza:   ✓ Loaded cogs.member_logs
[2026-08-14 18:27:25] INFO     tamoza:   ✓ Loaded cogs.voice_logs
[2026-08-14 18:27:25] INFO     tamoza:   ✓ Loaded cogs.channel_logs
[2026-08-14 18:27:25] INFO     tamoza:   ✓ Loaded cogs.role_logs
[2026-08-14 18:27:25] INFO     tamoza:   ✓ Loaded cogs.server_logs
[2026-08-14 18:27:25] INFO     tamoza:   ✓ Loaded cogs.whois
[2026-08-14 18:27:25] INFO     tamoza:   ✓ Loaded cogs.help
[2026-08-14 18:27:25] INFO     tamoza: Slash commands synced globally (may take up to 1 hour).
[2026-08-14 18:27:28] INFO     tamoza: ============================================================
[2026-08-14 18:27:28] INFO     tamoza: TamozaLogger is online!
[2026-08-14 18:27:28] INFO     tamoza:   User   : TamozaLogger#5871 (ID: 1537827250538414193)
[2026-08-14 18:27:28] INFO     tamoza:   Guilds : 1
[2026-08-14 18:27:28] INFO     tamoza: ============================================================
[2026-08-14 18:27:28] INFO     cogs.member_logs: [InviteTracker] In-memory cache warmed for 1 guilds.
[2026-08-14 18:27:29] INFO     tamoza: Invite cache seeded for 1/1 guilds.
[2026-08-14 18:28:10] WARNING  discord.client: PyNaCl is not installed, voice will NOT be supported
[2026-08-14 18:28:10] WARNING  discord.client: davey is not installed, voice will NOT be supported
[2026-08-14 18:28:10] INFO     discord.client: logging in using static token
[2026-08-14 18:28:10] INFO     tamoza: Initialising database pool…
[2026-08-14 18:28:10] INFO     database.db: Database pool established.
[2026-08-14 18:28:10] INFO     database.db: Schema applied successfully.
[2026-08-14 18:28:10] INFO     tamoza: Loading cogs…
[2026-08-14 18:28:10] INFO     tamoza:   ✓ Loaded cogs.settings
[2026-08-14 18:28:10] INFO     tamoza:   ✓ Loaded cogs.message_logs
[2026-08-14 18:28:10] INFO     tamoza:   ✓ Loaded cogs.member_logs
[2026-08-14 18:28:10] INFO     tamoza:   ✓ Loaded cogs.voice_logs
[2026-08-14 18:28:10] INFO     tamoza:   ✓ Loaded cogs.channel_logs
[2026-08-14 18:28:10] INFO     tamoza:   ✓ Loaded cogs.role_logs
[2026-08-14 18:28:10] INFO     tamoza:   ✓ Loaded cogs.server_logs
[2026-08-14 18:28:10] INFO     tamoza:   ✓ Loaded cogs.whois
[2026-08-14 18:28:10] INFO     tamoza:   ✓ Loaded cogs.help
[2026-08-14 18:28:11] INFO     tamoza: Slash commands synced globally (may take up to 1 hour).
[2026-08-14 18:28:14] INFO     tamoza: ============================================================
[2026-08-14 18:28:14] INFO     tamoza: TamozaLogger is online!
[2026-08-14 18:28:14] INFO     tamoza:   User   : TamozaLogger#5871 (ID: 1537827250538414193)
[2026-08-14 18:28:14] INFO     tamoza:   Guilds : 1
[2026-08-14 18:28:14] INFO     tamoza: ============================================================
[2026-08-14 18:28:14] INFO     cogs.member_logs: [InviteTracker] In-memory cache warmed for 1 guilds.
[2026-08-14 18:28:14] INFO     tamoza: Invite cache seeded for 1/1 guilds.
[2026-08-14 18:33:39] WARNING  discord.client: PyNaCl is not installed, voice will NOT be supported
[2026-08-14 18:33:39] WARNING  discord.client: davey is not installed, voice will NOT be supported
[2026-08-14 18:33:39] INFO     discord.client: logging in using static token
[2026-08-14 18:33:40] INFO     tamoza: Initialising database pool…
[2026-08-14 18:33:40] INFO     database.db: Database pool established.
[2026-08-14 18:33:40] INFO     database.db: Schema applied successfully.
[2026-08-14 18:33:40] INFO     tamoza: Loading cogs…
[2026-08-14 18:33:40] INFO     tamoza:   ✓ Loaded cogs.settings
[2026-08-14 18:33:40] INFO     tamoza:   ✓ Loaded cogs.message_logs
[2026-08-14 18:33:40] INFO     tamoza:   ✓ Loaded cogs.member_logs
[2026-08-14 18:33:40] INFO     tamoza:   ✓ Loaded cogs.voice_logs
[2026-08-14 18:33:40] INFO     tamoza:   ✓ Loaded cogs.channel_logs
[2026-08-14 18:33:40] INFO     tamoza:   ✓ Loaded cogs.role_logs
[2026-08-14 18:33:40] ERROR    tamoza:   ✗ Failed to load cogs.server_logs: Extension 'cogs.server_logs' raised an error: SyntaxError: '(' was never closed (server_logs.py, line 119)
Traceback (most recent call last):
  File "C:\Users\Tamoza\AppData\Local\Python\pythoncore-3.14-64\Lib\site-packages\discord\ext\commands\bot.py", line 962, in _load_from_module_spec
    spec.loader.exec_module(lib)  # type: ignore
    ~~~~~~~~~~~~~~~~~~~~~~~^^^^^
  File "<frozen importlib._bootstrap_external>", line 755, in exec_module
  File "<frozen importlib._bootstrap_external>", line 893, in get_code
  File "<frozen importlib._bootstrap_external>", line 823, in source_to_code
  File "<frozen importlib._bootstrap>", line 491, in _call_with_frames_removed
  File "E:\My Test Program\TamozaLogger\cogs\server_logs.py", line 119
    async def on_automod_action_execution(
                                         ^
SyntaxError: '(' was never closed

The above exception was the direct cause of the following exception:

Traceback (most recent call last):
  File "E:\My Test Program\TamozaLogger\bot.py", line 112, in setup_hook
    await self.load_extension(cog)
  File "C:\Users\Tamoza\AppData\Local\Python\pythoncore-3.14-64\Lib\site-packages\discord\ext\commands\bot.py", line 1040, in load_extension
    await self._load_from_module_spec(spec, name)
  File "C:\Users\Tamoza\AppData\Local\Python\pythoncore-3.14-64\Lib\site-packages\discord\ext\commands\bot.py", line 965, in _load_from_module_spec
    raise errors.ExtensionFailed(key, e) from e
discord.ext.commands.errors.ExtensionFailed: Extension 'cogs.server_logs' raised an error: SyntaxError: '(' was never closed (server_logs.py, line 119)
[2026-08-14 18:33:40] INFO     tamoza:   ✓ Loaded cogs.whois
[2026-08-14 18:33:40] INFO     tamoza:   ✓ Loaded cogs.help
[2026-08-14 18:33:40] INFO     tamoza: Slash commands synced globally (may take up to 1 hour).
[2026-08-14 18:33:43] INFO     tamoza: ============================================================
[2026-08-14 18:33:43] INFO     tamoza: TamozaLogger is online!
[2026-08-14 18:33:43] INFO     tamoza:   User   : TamozaLogger#5871 (ID: 1537827250538414193)
[2026-08-14 18:33:43] INFO     tamoza:   Guilds : 1
[2026-08-14 18:33:43] INFO     tamoza: ============================================================
[2026-08-14 18:33:43] INFO     cogs.member_logs: [InviteTracker] In-memory cache warmed for 1 guilds.
[2026-08-14 18:33:44] INFO     tamoza: Invite cache seeded for 1/1 guilds.
[2026-08-14 18:33:58] INFO     tamoza: Shutting down — closing database pool…
[2026-08-14 18:33:58] INFO     database.db: Database pool closed.
[2026-08-14 18:33:58] INFO     tamoza: Received KeyboardInterrupt — shutting down.
[2026-08-14 18:33:58] WARNING  discord.client: PyNaCl is not installed, voice will NOT be supported
[2026-08-14 18:33:58] WARNING  discord.client: davey is not installed, voice will NOT be supported
[2026-08-14 18:33:58] INFO     discord.client: logging in using static token
[2026-08-14 18:33:59] INFO     tamoza: Initialising database pool…
[2026-08-14 18:33:59] INFO     database.db: Database pool established.
[2026-08-14 18:33:59] INFO     database.db: Schema applied successfully.
[2026-08-14 18:33:59] INFO     tamoza: Loading cogs…
[2026-08-14 18:33:59] INFO     tamoza:   ✓ Loaded cogs.settings
[2026-08-14 18:33:59] INFO     tamoza:   ✓ Loaded cogs.message_logs
[2026-08-14 18:33:59] INFO     tamoza:   ✓ Loaded cogs.member_logs
[2026-08-14 18:33:59] INFO     tamoza:   ✓ Loaded cogs.voice_logs
[2026-08-14 18:33:59] INFO     tamoza:   ✓ Loaded cogs.channel_logs
[2026-08-14 18:33:59] INFO     tamoza:   ✓ Loaded cogs.role_logs
[2026-08-14 18:33:59] INFO     tamoza:   ✓ Loaded cogs.server_logs
[2026-08-14 18:33:59] INFO     tamoza:   ✓ Loaded cogs.whois
[2026-08-14 18:33:59] INFO     tamoza:   ✓ Loaded cogs.help
[2026-08-14 18:34:40] INFO     tamoza: Slash commands synced globally (may take up to 1 hour).
[2026-08-14 18:34:43] INFO     tamoza: ============================================================
[2026-08-14 18:34:43] INFO     tamoza: TamozaLogger is online!
[2026-08-14 18:34:43] INFO     tamoza:   User   : TamozaLogger#5871 (ID: 1537827250538414193)
[2026-08-14 18:34:43] INFO     tamoza:   Guilds : 1
[2026-08-14 18:34:43] INFO     tamoza: ============================================================
[2026-08-14 18:34:43] INFO     cogs.member_logs: [InviteTracker] In-memory cache warmed for 1 guilds.
[2026-08-14 18:34:44] INFO     tamoza: Invite cache seeded for 1/1 guilds.
[2026-08-14 18:34:57] ERROR    discord.client: Ignoring exception in on_voice_state_update
Traceback (most recent call last):
  File "C:\Users\Tamoza\AppData\Local\Python\pythoncore-3.14-64\Lib\site-packages\discord\client.py", line 508, in _run_event
    await coro(*args, **kwargs)
  File "E:\My Test Program\TamozaLogger\cogs\voice_logs.py", line 68, in on_voice_state_update
    await self._handle_channel_change(guild, member, before, after)
  File "E:\My Test Program\TamozaLogger\cogs\voice_logs.py", line 227, in _handle_channel_change
    lang = await db.get_guild_language(guild.id)
           ^^^^^^^^^^^^^^^^^^^^^^^^^^^^^^^^^^^^^
  File "E:\My Test Program\TamozaLogger\database\db.py", line 131, in get_guild_language
    if guild_id in _guild_lang_cache:
                   ^^^^^^^^^^^^^^^^^
NameError: name '_guild_lang_cache' is not defined
[2026-08-14 18:35:09] ERROR    discord.client: Ignoring exception in on_voice_state_update
Traceback (most recent call last):
  File "C:\Users\Tamoza\AppData\Local\Python\pythoncore-3.14-64\Lib\site-packages\discord\client.py", line 508, in _run_event
    await coro(*args, **kwargs)
  File "E:\My Test Program\TamozaLogger\cogs\voice_logs.py", line 68, in on_voice_state_update
    await self._handle_channel_change(guild, member, before, after)
  File "E:\My Test Program\TamozaLogger\cogs\voice_logs.py", line 227, in _handle_channel_change
    lang = await db.get_guild_language(guild.id)
           ^^^^^^^^^^^^^^^^^^^^^^^^^^^^^^^^^^^^^
  File "E:\My Test Program\TamozaLogger\database\db.py", line 131, in get_guild_language
    if guild_id in _guild_lang_cache:
                   ^^^^^^^^^^^^^^^^^
NameError: name '_guild_lang_cache' is not defined
[2026-08-14 18:35:37] WARNING  discord.client: PyNaCl is not installed, voice will NOT be supported
[2026-08-14 18:35:37] WARNING  discord.client: davey is not installed, voice will NOT be supported
[2026-08-14 18:35:37] INFO     discord.client: logging in using static token
[2026-08-14 18:35:38] INFO     tamoza: Initialising database pool…
[2026-08-14 18:35:38] INFO     database.db: Database pool established.
[2026-08-14 18:35:38] INFO     database.db: Schema applied successfully.
[2026-08-14 18:35:38] INFO     tamoza: Loading cogs…
[2026-08-14 18:35:38] INFO     tamoza:   ✓ Loaded cogs.settings
[2026-08-14 18:35:38] INFO     tamoza:   ✓ Loaded cogs.message_logs
[2026-08-14 18:35:38] INFO     tamoza:   ✓ Loaded cogs.member_logs
[2026-08-14 18:35:38] INFO     tamoza:   ✓ Loaded cogs.voice_logs
[2026-08-14 18:35:38] INFO     tamoza:   ✓ Loaded cogs.channel_logs
[2026-08-14 18:35:38] INFO     tamoza:   ✓ Loaded cogs.role_logs
[2026-08-14 18:35:38] INFO     tamoza:   ✓ Loaded cogs.server_logs
[2026-08-14 18:35:38] INFO     tamoza:   ✓ Loaded cogs.whois
[2026-08-14 18:35:38] INFO     tamoza:   ✓ Loaded cogs.help
[2026-08-14 18:35:38] INFO     tamoza: Slash commands synced globally (may take up to 1 hour).
[2026-08-14 18:35:41] INFO     tamoza: ============================================================
[2026-08-14 18:35:41] INFO     tamoza: TamozaLogger is online!
[2026-08-14 18:35:41] INFO     tamoza:   User   : TamozaLogger#5871 (ID: 1537827250538414193)
[2026-08-14 18:35:41] INFO     tamoza:   Guilds : 1
[2026-08-14 18:35:41] INFO     tamoza: ============================================================
[2026-08-14 18:35:41] INFO     cogs.member_logs: [InviteTracker] In-memory cache warmed for 1 guilds.
[2026-08-14 18:35:41] INFO     tamoza: Invite cache seeded for 1/1 guilds.
[2026-08-14 20:53:26] WARNING  discord.client: PyNaCl is not installed, voice will NOT be supported
[2026-08-14 20:53:26] WARNING  discord.client: davey is not installed, voice will NOT be supported
[2026-08-14 20:53:26] INFO     discord.client: logging in using static token
[2026-08-14 20:53:27] INFO     tamoza: Initialising database pool…
[2026-08-14 20:53:27] INFO     database.db: Database pool established.
[2026-08-14 20:53:27] INFO     database.db: Schema applied successfully.
[2026-08-14 20:53:27] INFO     tamoza: Loading cogs…
[2026-08-14 20:53:27] INFO     tamoza:   ✓ Loaded cogs.settings
[2026-08-14 20:53:27] INFO     tamoza:   ✓ Loaded cogs.message_logs
[2026-08-14 20:53:27] INFO     tamoza:   ✓ Loaded cogs.member_logs
[2026-08-14 20:53:27] INFO     tamoza:   ✓ Loaded cogs.voice_logs
[2026-08-14 20:53:27] INFO     tamoza:   ✓ Loaded cogs.channel_logs
[2026-08-14 20:53:27] INFO     tamoza:   ✓ Loaded cogs.role_logs
[2026-08-14 20:53:27] INFO     tamoza:   ✓ Loaded cogs.server_logs
[2026-08-14 20:53:27] INFO     tamoza:   ✓ Loaded cogs.whois
[2026-08-14 20:53:27] INFO     tamoza:   ✓ Loaded cogs.help
[2026-08-14 20:53:27] INFO     tamoza: Slash commands synced globally (may take up to 1 hour).
[2026-08-14 20:53:30] INFO     tamoza: ============================================================
[2026-08-14 20:53:30] INFO     tamoza: TamozaLogger is online!
[2026-08-14 20:53:30] INFO     tamoza:   User   : TamozaLogger#5871 (ID: 1537827250538414193)
[2026-08-14 20:53:30] INFO     tamoza:   Guilds : 1
[2026-08-14 20:53:30] INFO     tamoza: ============================================================
[2026-08-14 20:53:30] INFO     cogs.member_logs: [InviteTracker] In-memory cache warmed for 1 guilds.
[2026-08-14 20:53:31] INFO     tamoza: Invite cache seeded for 1/1 guilds.
[2026-08-15 07:41:03] ERROR    discord.client: Ignoring exception in on_guild_role_create
Traceback (most recent call last):
  File "C:\Users\Tamoza\AppData\Local\Python\pythoncore-3.14-64\Lib\site-packages\discord\client.py", line 508, in _run_event
    await coro(*args, **kwargs)
  File "E:\My Test Program\TamozaLogger\cogs\role_logs.py", line 66, in on_guild_role_create
    lang  = await db.get_guild_language(guild.id)
                  ^^
NameError: name 'db' is not defined
[2026-08-15 07:52:22] ERROR    discord.client: Ignoring exception in on_voice_state_update
Traceback (most recent call last):
  File "C:\Users\Tamoza\AppData\Local\Python\pythoncore-3.14-64\Lib\site-packages\discord\client.py", line 508, in _run_event
    await coro(*args, **kwargs)
  File "E:\My Test Program\TamozaLogger\cogs\voice_logs.py", line 68, in on_voice_state_update
    await self._handle_channel_change(guild, member, before, after)
  File "E:\My Test Program\TamozaLogger\cogs\voice_logs.py", line 289, in _handle_channel_change
    embed = build_embed(
        event_type="move",
    ...<8 lines>...
        author_icon_url=member.display_avatar.url,
    )
TypeError: build_embed() missing 1 required keyword-only argument: 'title'
[2026-08-15 07:52:34] ERROR    discord.client: Ignoring exception in on_voice_state_update
Traceback (most recent call last):
  File "C:\Users\Tamoza\AppData\Local\Python\pythoncore-3.14-64\Lib\site-packages\discord\client.py", line 508, in _run_event
    await coro(*args, **kwargs)
  File "E:\My Test Program\TamozaLogger\cogs\voice_logs.py", line 68, in on_voice_state_update
    await self._handle_channel_change(guild, member, before, after)
  File "E:\My Test Program\TamozaLogger\cogs\voice_logs.py", line 289, in _handle_channel_change
    embed = build_embed(
        event_type="move",
    ...<8 lines>...
        author_icon_url=member.display_avatar.url,
    )
TypeError: build_embed() missing 1 required keyword-only argument: 'title'
[2026-08-15 07:52:42] ERROR    discord.client: Ignoring exception in on_voice_state_update
Traceback (most recent call last):
  File "C:\Users\Tamoza\AppData\Local\Python\pythoncore-3.14-64\Lib\site-packages\discord\client.py", line 508, in _run_event
    await coro(*args, **kwargs)
  File "E:\My Test Program\TamozaLogger\cogs\voice_logs.py", line 68, in on_voice_state_update
    await self._handle_channel_change(guild, member, before, after)
  File "E:\My Test Program\TamozaLogger\cogs\voice_logs.py", line 289, in _handle_channel_change
    embed = build_embed(
        event_type="move",
    ...<8 lines>...
        author_icon_url=member.display_avatar.url,
    )
TypeError: build_embed() missing 1 required keyword-only argument: 'title'
[2026-08-15 10:32:52] ERROR    discord.client: Ignoring exception in on_voice_state_update
Traceback (most recent call last):
  File "C:\Users\Tamoza\AppData\Local\Python\pythoncore-3.14-64\Lib\site-packages\discord\client.py", line 508, in _run_event
    await coro(*args, **kwargs)
  File "E:\My Test Program\TamozaLogger\cogs\voice_logs.py", line 68, in on_voice_state_update
    await self._handle_channel_change(guild, member, before, after)
  File "E:\My Test Program\TamozaLogger\cogs\voice_logs.py", line 289, in _handle_channel_change
    embed = build_embed(
        event_type="move",
    ...<8 lines>...
        author_icon_url=member.display_avatar.url,
    )
TypeError: build_embed() missing 1 required keyword-only argument: 'title'
[2026-08-15 10:33:36] ERROR    discord.client: Ignoring exception in on_voice_state_update
Traceback (most recent call last):
  File "C:\Users\Tamoza\AppData\Local\Python\pythoncore-3.14-64\Lib\site-packages\discord\client.py", line 508, in _run_event
    await coro(*args, **kwargs)
  File "E:\My Test Program\TamozaLogger\cogs\voice_logs.py", line 68, in on_voice_state_update
    await self._handle_channel_change(guild, member, before, after)
  File "E:\My Test Program\TamozaLogger\cogs\voice_logs.py", line 289, in _handle_channel_change
    embed = build_embed(
        event_type="move",
    ...<8 lines>...
        author_icon_url=member.display_avatar.url,
    )
TypeError: build_embed() missing 1 required keyword-only argument: 'title'
[2026-08-15 10:33:46] ERROR    discord.client: Ignoring exception in on_voice_state_update
Traceback (most recent call last):
  File "C:\Users\Tamoza\AppData\Local\Python\pythoncore-3.14-64\Lib\site-packages\discord\client.py", line 508, in _run_event
    await coro(*args, **kwargs)
  File "E:\My Test Program\TamozaLogger\cogs\voice_logs.py", line 68, in on_voice_state_update
    await self._handle_channel_change(guild, member, before, after)
  File "E:\My Test Program\TamozaLogger\cogs\voice_logs.py", line 289, in _handle_channel_change
    embed = build_embed(
        event_type="move",
    ...<8 lines>...
        author_icon_url=member.display_avatar.url,
    )
TypeError: build_embed() missing 1 required keyword-only argument: 'title'
[2026-08-15 10:33:54] ERROR    discord.client: Ignoring exception in on_voice_state_update
Traceback (most recent call last):
  File "C:\Users\Tamoza\AppData\Local\Python\pythoncore-3.14-64\Lib\site-packages\discord\client.py", line 508, in _run_event
    await coro(*args, **kwargs)
  File "E:\My Test Program\TamozaLogger\cogs\voice_logs.py", line 68, in on_voice_state_update
    await self._handle_channel_change(guild, member, before, after)
  File "E:\My Test Program\TamozaLogger\cogs\voice_logs.py", line 289, in _handle_channel_change
    embed = build_embed(
        event_type="move",
    ...<8 lines>...
        author_icon_url=member.display_avatar.url,
    )
TypeError: build_embed() missing 1 required keyword-only argument: 'title'
[2026-08-15 10:34:02] ERROR    discord.client: Ignoring exception in on_voice_state_update
Traceback (most recent call last):
  File "C:\Users\Tamoza\AppData\Local\Python\pythoncore-3.14-64\Lib\site-packages\discord\client.py", line 508, in _run_event
    await coro(*args, **kwargs)
  File "E:\My Test Program\TamozaLogger\cogs\voice_logs.py", line 68, in on_voice_state_update
    await self._handle_channel_change(guild, member, before, after)
  File "E:\My Test Program\TamozaLogger\cogs\voice_logs.py", line 289, in _handle_channel_change
    embed = build_embed(
        event_type="move",
    ...<8 lines>...
        author_icon_url=member.display_avatar.url,
    )
TypeError: build_embed() missing 1 required keyword-only argument: 'title'
[2026-08-15 10:34:21] ERROR    discord.client: Ignoring exception in on_voice_state_update
Traceback (most recent call last):
  File "C:\Users\Tamoza\AppData\Local\Python\pythoncore-3.14-64\Lib\site-packages\discord\client.py", line 508, in _run_event
    await coro(*args, **kwargs)
  File "E:\My Test Program\TamozaLogger\cogs\voice_logs.py", line 68, in on_voice_state_update
    await self._handle_channel_change(guild, member, before, after)
  File "E:\My Test Program\TamozaLogger\cogs\voice_logs.py", line 289, in _handle_channel_change
    embed = build_embed(
        event_type="move",
    ...<8 lines>...
        author_icon_url=member.display_avatar.url,
    )
TypeError: build_embed() missing 1 required keyword-only argument: 'title'
[2026-08-15 10:35:04] ERROR    discord.client: Ignoring exception in on_voice_state_update
Traceback (most recent call last):
  File "C:\Users\Tamoza\AppData\Local\Python\pythoncore-3.14-64\Lib\site-packages\discord\client.py", line 508, in _run_event
    await coro(*args, **kwargs)
  File "E:\My Test Program\TamozaLogger\cogs\voice_logs.py", line 68, in on_voice_state_update
    await self._handle_channel_change(guild, member, before, after)
  File "E:\My Test Program\TamozaLogger\cogs\voice_logs.py", line 289, in _handle_channel_change
    embed = build_embed(
        event_type="move",
    ...<8 lines>...
        author_icon_url=member.display_avatar.url,
    )
TypeError: build_embed() missing 1 required keyword-only argument: 'title'
[2026-08-15 10:35:20] ERROR    discord.client: Ignoring exception in on_voice_state_update
Traceback (most recent call last):
  File "C:\Users\Tamoza\AppData\Local\Python\pythoncore-3.14-64\Lib\site-packages\discord\client.py", line 508, in _run_event
    await coro(*args, **kwargs)
  File "E:\My Test Program\TamozaLogger\cogs\voice_logs.py", line 68, in on_voice_state_update
    await self._handle_channel_change(guild, member, before, after)
  File "E:\My Test Program\TamozaLogger\cogs\voice_logs.py", line 289, in _handle_channel_change
    embed = build_embed(
        event_type="move",
    ...<8 lines>...
        author_icon_url=member.display_avatar.url,
    )
TypeError: build_embed() missing 1 required keyword-only argument: 'title'
[2026-08-15 10:39:40] ERROR    discord.client: Ignoring exception in on_voice_state_update
Traceback (most recent call last):
  File "C:\Users\Tamoza\AppData\Local\Python\pythoncore-3.14-64\Lib\site-packages\discord\client.py", line 508, in _run_event
    await coro(*args, **kwargs)
  File "E:\My Test Program\TamozaLogger\cogs\voice_logs.py", line 68, in on_voice_state_update
    await self._handle_channel_change(guild, member, before, after)
  File "E:\My Test Program\TamozaLogger\cogs\voice_logs.py", line 289, in _handle_channel_change
    embed = build_embed(
        event_type="move",
    ...<8 lines>...
        author_icon_url=member.display_avatar.url,
    )
TypeError: build_embed() missing 1 required keyword-only argument: 'title'
[2026-08-15 10:39:56] ERROR    discord.client: Ignoring exception in on_voice_state_update
Traceback (most recent call last):
  File "C:\Users\Tamoza\AppData\Local\Python\pythoncore-3.14-64\Lib\site-packages\discord\client.py", line 508, in _run_event
    await coro(*args, **kwargs)
  File "E:\My Test Program\TamozaLogger\cogs\voice_logs.py", line 68, in on_voice_state_update
    await self._handle_channel_change(guild, member, before, after)
  File "E:\My Test Program\TamozaLogger\cogs\voice_logs.py", line 289, in _handle_channel_change
    embed = build_embed(
        event_type="move",
    ...<8 lines>...
        author_icon_url=member.display_avatar.url,
    )
TypeError: build_embed() missing 1 required keyword-only argument: 'title'
[2026-08-15 10:40:50] ERROR    discord.client: Ignoring exception in on_voice_state_update
Traceback (most recent call last):
  File "C:\Users\Tamoza\AppData\Local\Python\pythoncore-3.14-64\Lib\site-packages\discord\client.py", line 508, in _run_event
    await coro(*args, **kwargs)
  File "E:\My Test Program\TamozaLogger\cogs\voice_logs.py", line 68, in on_voice_state_update
    await self._handle_channel_change(guild, member, before, after)
  File "E:\My Test Program\TamozaLogger\cogs\voice_logs.py", line 289, in _handle_channel_change
    embed = build_embed(
        event_type="move",
    ...<8 lines>...
        author_icon_url=member.display_avatar.url,
    )
TypeError: build_embed() missing 1 required keyword-only argument: 'title'
[2026-08-15 10:44:21] ERROR    discord.client: Ignoring exception in on_guild_role_create
Traceback (most recent call last):
  File "C:\Users\Tamoza\AppData\Local\Python\pythoncore-3.14-64\Lib\site-packages\discord\client.py", line 508, in _run_event
    await coro(*args, **kwargs)
  File "E:\My Test Program\TamozaLogger\cogs\role_logs.py", line 66, in on_guild_role_create
    lang  = await db.get_guild_language(guild.id)
                  ^^
NameError: name 'db' is not defined
[2026-08-15 10:45:10] ERROR    discord.client: Ignoring exception in on_voice_state_update
Traceback (most recent call last):
  File "C:\Users\Tamoza\AppData\Local\Python\pythoncore-3.14-64\Lib\site-packages\discord\client.py", line 508, in _run_event
    await coro(*args, **kwargs)
  File "E:\My Test Program\TamozaLogger\cogs\voice_logs.py", line 68, in on_voice_state_update
    await self._handle_channel_change(guild, member, before, after)
  File "E:\My Test Program\TamozaLogger\cogs\voice_logs.py", line 289, in _handle_channel_change
    embed = build_embed(
        event_type="move",
    ...<8 lines>...
        author_icon_url=member.display_avatar.url,
    )
TypeError: build_embed() missing 1 required keyword-only argument: 'title'
[2026-08-15 10:45:14] ERROR    discord.client: Ignoring exception in on_voice_state_update
Traceback (most recent call last):
  File "C:\Users\Tamoza\AppData\Local\Python\pythoncore-3.14-64\Lib\site-packages\discord\client.py", line 508, in _run_event
    await coro(*args, **kwargs)
  File "E:\My Test Program\TamozaLogger\cogs\voice_logs.py", line 68, in on_voice_state_update
    await self._handle_channel_change(guild, member, before, after)
  File "E:\My Test Program\TamozaLogger\cogs\voice_logs.py", line 289, in _handle_channel_change
    embed = build_embed(
        event_type="move",
    ...<8 lines>...
        author_icon_url=member.display_avatar.url,
    )
TypeError: build_embed() missing 1 required keyword-only argument: 'title'
[2026-08-15 11:03:49] ERROR    discord.client: Ignoring exception in on_voice_state_update
Traceback (most recent call last):
  File "C:\Users\Tamoza\AppData\Local\Python\pythoncore-3.14-64\Lib\site-packages\discord\client.py", line 508, in _run_event
    await coro(*args, **kwargs)
  File "E:\My Test Program\TamozaLogger\cogs\voice_logs.py", line 68, in on_voice_state_update
    await self._handle_channel_change(guild, member, before, after)
  File "E:\My Test Program\TamozaLogger\cogs\voice_logs.py", line 289, in _handle_channel_change
    embed = build_embed(
        event_type="move",
    ...<8 lines>...
        author_icon_url=member.display_avatar.url,
    )
TypeError: build_embed() missing 1 required keyword-only argument: 'title'
[2026-08-15 11:04:28] ERROR    discord.client: Ignoring exception in on_voice_state_update
Traceback (most recent call last):
  File "C:\Users\Tamoza\AppData\Local\Python\pythoncore-3.14-64\Lib\site-packages\discord\client.py", line 508, in _run_event
    await coro(*args, **kwargs)
  File "E:\My Test Program\TamozaLogger\cogs\voice_logs.py", line 68, in on_voice_state_update
    await self._handle_channel_change(guild, member, before, after)
  File "E:\My Test Program\TamozaLogger\cogs\voice_logs.py", line 289, in _handle_channel_change
    embed = build_embed(
        event_type="move",
    ...<8 lines>...
        author_icon_url=member.display_avatar.url,
    )
TypeError: build_embed() missing 1 required keyword-only argument: 'title'
[2026-08-15 11:04:42] ERROR    discord.client: Ignoring exception in on_voice_state_update
Traceback (most recent call last):
  File "C:\Users\Tamoza\AppData\Local\Python\pythoncore-3.14-64\Lib\site-packages\discord\client.py", line 508, in _run_event
    await coro(*args, **kwargs)
  File "E:\My Test Program\TamozaLogger\cogs\voice_logs.py", line 68, in on_voice_state_update
    await self._handle_channel_change(guild, member, before, after)
  File "E:\My Test Program\TamozaLogger\cogs\voice_logs.py", line 289, in _handle_channel_change
    embed = build_embed(
        event_type="move",
    ...<8 lines>...
        author_icon_url=member.display_avatar.url,
    )
TypeError: build_embed() missing 1 required keyword-only argument: 'title'
[2026-08-15 13:59:16] WARNING  discord.client: PyNaCl is not installed, voice will NOT be supported
[2026-08-15 13:59:16] WARNING  discord.client: davey is not installed, voice will NOT be supported
[2026-08-15 13:59:16] INFO     discord.client: logging in using static token
[2026-08-15 13:59:16] INFO     tamoza: Initialising database pool…
[2026-08-15 13:59:17] INFO     database.db: Database pool established.
[2026-08-15 13:59:17] INFO     database.db: Schema applied successfully.
[2026-08-15 13:59:17] INFO     tamoza: Loading cogs…
[2026-08-15 13:59:17] INFO     tamoza:   ✓ Loaded cogs.settings
[2026-08-15 13:59:17] INFO     tamoza:   ✓ Loaded cogs.message_logs
[2026-08-15 13:59:17] INFO     tamoza:   ✓ Loaded cogs.member_logs
[2026-08-15 13:59:17] INFO     tamoza:   ✓ Loaded cogs.voice_logs
[2026-08-15 13:59:17] INFO     tamoza:   ✓ Loaded cogs.channel_logs
[2026-08-15 13:59:17] INFO     tamoza:   ✓ Loaded cogs.role_logs
[2026-08-15 13:59:17] INFO     tamoza:   ✓ Loaded cogs.server_logs
[2026-08-15 13:59:17] INFO     tamoza:   ✓ Loaded cogs.whois
[2026-08-15 13:59:17] INFO     tamoza:   ✓ Loaded cogs.help
[2026-08-15 13:59:17] INFO     tamoza: Slash commands synced globally (may take up to 1 hour).
[2026-08-15 14:03:47] WARNING  discord.client: PyNaCl is not installed, voice will NOT be supported
[2026-08-15 14:03:47] WARNING  discord.client: davey is not installed, voice will NOT be supported
[2026-08-15 14:03:47] INFO     discord.client: logging in using static token
[2026-08-15 14:03:48] INFO     tamoza: Initialising database pool…
[2026-08-15 14:03:48] INFO     database.db: Database pool established.
[2026-08-15 14:03:48] INFO     database.db: Schema applied successfully.
[2026-08-15 14:03:48] INFO     tamoza: Loading cogs…
[2026-08-15 14:03:48] INFO     tamoza:   ✓ Loaded cogs.settings
[2026-08-15 14:03:48] INFO     tamoza:   ✓ Loaded cogs.message_logs
[2026-08-15 14:03:48] INFO     tamoza:   ✓ Loaded cogs.member_logs
[2026-08-15 14:03:48] INFO     tamoza:   ✓ Loaded cogs.voice_logs
[2026-08-15 14:03:48] INFO     tamoza:   ✓ Loaded cogs.channel_logs
[2026-08-15 14:03:48] INFO     tamoza:   ✓ Loaded cogs.role_logs
[2026-08-15 14:03:48] INFO     tamoza:   ✓ Loaded cogs.server_logs
[2026-08-15 14:03:48] INFO     tamoza:   ✓ Loaded cogs.whois
[2026-08-15 14:03:48] INFO     tamoza:   ✓ Loaded cogs.help
[2026-08-15 14:03:48] INFO     tamoza: Slash commands synced globally (may take up to 1 hour).
[2026-08-15 14:03:51] INFO     tamoza: ============================================================
[2026-08-15 14:03:51] INFO     tamoza: TamozaLogger is online!
[2026-08-15 14:03:51] INFO     tamoza:   User   : TamozaLogger#5871 (ID: 1537827250538414193)
[2026-08-15 14:03:51] INFO     tamoza:   Guilds : 1
[2026-08-15 14:03:51] INFO     tamoza: ============================================================
[2026-08-15 14:03:51] INFO     cogs.member_logs: [InviteTracker] In-memory cache warmed for 1 guilds.
[2026-08-15 14:03:52] INFO     tamoza: Invite cache seeded for 1/1 guilds.
[2026-08-15 17:59:10] WARNING  discord.client: PyNaCl is not installed, voice will NOT be supported
[2026-08-15 17:59:10] WARNING  discord.client: davey is not installed, voice will NOT be supported
[2026-08-15 17:59:10] INFO     discord.client: logging in using static token
[2026-08-15 17:59:10] INFO     tamoza: Initialising database pool…
[2026-08-15 17:59:10] INFO     database.db: Database pool established.
[2026-08-15 17:59:11] INFO     database.db: Schema applied successfully.
[2026-08-15 17:59:11] INFO     tamoza: Loading cogs…
[2026-08-15 17:59:11] INFO     tamoza:   ✓ Loaded cogs.settings
[2026-08-15 17:59:11] INFO     tamoza:   ✓ Loaded cogs.message_logs
[2026-08-15 17:59:11] INFO     tamoza:   ✓ Loaded cogs.member_logs
[2026-08-15 17:59:11] INFO     tamoza:   ✓ Loaded cogs.voice_logs
[2026-08-15 17:59:11] INFO     tamoza:   ✓ Loaded cogs.channel_logs
[2026-08-15 17:59:11] INFO     tamoza:   ✓ Loaded cogs.role_logs
[2026-08-15 17:59:11] INFO     tamoza:   ✓ Loaded cogs.server_logs
[2026-08-15 17:59:11] INFO     tamoza:   ✓ Loaded cogs.whois
[2026-08-15 17:59:11] INFO     tamoza:   ✓ Loaded cogs.help
[2026-08-15 17:59:11] INFO     tamoza: Slash commands synced globally (may take up to 1 hour).
[2026-08-15 17:59:14] INFO     tamoza: ============================================================
[2026-08-15 17:59:14] INFO     tamoza: TamozaLogger is online!
[2026-08-15 17:59:14] INFO     tamoza:   User   : TamozaLogger#5871 (ID: 1537827250538414193)
[2026-08-15 17:59:14] INFO     tamoza:   Guilds : 1
[2026-08-15 17:59:14] INFO     tamoza: ============================================================
[2026-08-15 17:59:15] INFO     cogs.member_logs: [InviteTracker] In-memory cache warmed for 1 guilds.
[2026-08-15 17:59:15] INFO     tamoza: Invite cache seeded for 1/1 guilds.
[2026-08-15 18:13:31] WARNING  discord.client: PyNaCl is not installed, voice will NOT be supported
[2026-08-15 18:13:31] WARNING  discord.client: davey is not installed, voice will NOT be supported
[2026-08-15 18:13:31] INFO     discord.client: logging in using static token
[2026-08-15 18:13:32] INFO     tamoza: Initialising database pool…
[2026-08-15 18:13:32] INFO     database.db: Database pool established.
[2026-08-15 18:13:32] INFO     database.db: Schema applied successfully.
[2026-08-15 18:13:32] INFO     tamoza: Loading cogs…
[2026-08-15 18:13:32] INFO     tamoza:   ✓ Loaded cogs.settings
[2026-08-15 18:13:32] INFO     tamoza:   ✓ Loaded cogs.message_logs
[2026-08-15 18:13:32] INFO     tamoza:   ✓ Loaded cogs.member_logs
[2026-08-15 18:13:32] INFO     tamoza:   ✓ Loaded cogs.voice_logs
[2026-08-15 18:13:32] INFO     tamoza:   ✓ Loaded cogs.channel_logs
[2026-08-15 18:13:32] INFO     tamoza:   ✓ Loaded cogs.role_logs
[2026-08-15 18:13:32] INFO     tamoza:   ✓ Loaded cogs.server_logs
[2026-08-15 18:13:32] INFO     tamoza:   ✓ Loaded cogs.whois
[2026-08-15 18:13:32] INFO     tamoza:   ✓ Loaded cogs.help
[2026-08-15 18:13:33] INFO     tamoza: Slash commands synced globally (may take up to 1 hour).
[2026-08-15 18:13:35] INFO     tamoza: ============================================================
[2026-08-15 18:13:35] INFO     tamoza: TamozaLogger is online!
[2026-08-15 18:13:35] INFO     tamoza:   User   : TamozaLogger#5871 (ID: 1537827250538414193)
[2026-08-15 18:13:35] INFO     tamoza:   Guilds : 1
[2026-08-15 18:13:35] INFO     tamoza: ============================================================
[2026-08-15 18:13:36] INFO     cogs.member_logs: [InviteTracker] In-memory cache warmed for 1 guilds.
[2026-08-15 18:13:36] INFO     tamoza: Invite cache seeded for 1/1 guilds.
[2026-08-15 18:14:16] INFO     tamoza: Shutting down — closing database pool…
[2026-08-15 18:14:16] INFO     database.db: Database pool closed.
[2026-08-15 18:14:16] INFO     tamoza: Received KeyboardInterrupt — shutting down.
[2026-08-15 18:14:18] WARNING  discord.client: PyNaCl is not installed, voice will NOT be supported
[2026-08-15 18:14:18] WARNING  discord.client: davey is not installed, voice will NOT be supported
[2026-08-15 18:14:18] INFO     discord.client: logging in using static token
[2026-08-15 18:14:19] INFO     tamoza: Initialising database pool…
[2026-08-15 18:14:19] INFO     database.db: Database pool established.
[2026-08-15 18:14:19] INFO     database.db: Schema applied successfully.
[2026-08-15 18:14:19] INFO     tamoza: Loading cogs…
[2026-08-15 18:14:19] INFO     tamoza:   ✓ Loaded cogs.settings
[2026-08-15 18:14:19] INFO     tamoza:   ✓ Loaded cogs.message_logs
[2026-08-15 18:14:19] INFO     tamoza:   ✓ Loaded cogs.member_logs
[2026-08-15 18:14:19] INFO     tamoza:   ✓ Loaded cogs.voice_logs
[2026-08-15 18:14:19] INFO     tamoza:   ✓ Loaded cogs.channel_logs
[2026-08-15 18:14:19] INFO     tamoza:   ✓ Loaded cogs.role_logs
[2026-08-15 18:14:19] INFO     tamoza:   ✓ Loaded cogs.server_logs
[2026-08-15 18:14:19] INFO     tamoza:   ✓ Loaded cogs.whois
[2026-08-15 18:14:19] INFO     tamoza:   ✓ Loaded cogs.help
[2026-08-15 18:14:19] INFO     tamoza: Slash commands synced globally (may take up to 1 hour).
[2026-08-15 18:14:22] INFO     tamoza: ============================================================
[2026-08-15 18:14:22] INFO     tamoza: TamozaLogger is online!
[2026-08-15 18:14:22] INFO     tamoza:   User   : TamozaLogger#5871 (ID: 1537827250538414193)
[2026-08-15 18:14:22] INFO     tamoza:   Guilds : 1
[2026-08-15 18:14:22] INFO     tamoza: ============================================================
[2026-08-15 18:14:23] INFO     cogs.member_logs: [InviteTracker] In-memory cache warmed for 1 guilds.
[2026-08-15 18:14:23] INFO     tamoza: Invite cache seeded for 1/1 guilds.
[2026-08-15 18:17:07] INFO     tamoza: Shutting down — closing database pool…
[2026-08-15 18:17:07] INFO     database.db: Database pool closed.
[2026-08-15 18:17:07] INFO     tamoza: Received KeyboardInterrupt — shutting down.
[2026-08-15 18:18:10] WARNING  discord.client: PyNaCl is not installed, voice will NOT be supported
[2026-08-15 18:18:10] WARNING  discord.client: davey is not installed, voice will NOT be supported
[2026-08-15 18:18:10] INFO     discord.client: logging in using static token
[2026-08-15 18:18:11] INFO     tamoza: Initialising database pool…
[2026-08-15 18:18:11] INFO     database.db: Database pool established.
[2026-08-15 18:18:11] INFO     database.db: Schema applied successfully.
[2026-08-15 18:18:11] INFO     tamoza: Loading cogs…
[2026-08-15 18:18:11] INFO     tamoza:   ✓ Loaded cogs.settings
[2026-08-15 18:18:11] INFO     tamoza:   ✓ Loaded cogs.message_logs
[2026-08-15 18:18:11] INFO     tamoza:   ✓ Loaded cogs.member_logs
[2026-08-15 18:18:11] INFO     tamoza:   ✓ Loaded cogs.voice_logs
[2026-08-15 18:18:11] INFO     tamoza:   ✓ Loaded cogs.channel_logs
[2026-08-15 18:18:11] INFO     tamoza:   ✓ Loaded cogs.role_logs
[2026-08-15 18:18:11] INFO     tamoza:   ✓ Loaded cogs.server_logs
[2026-08-15 18:18:11] INFO     tamoza:   ✓ Loaded cogs.whois
[2026-08-15 18:18:11] INFO     tamoza:   ✓ Loaded cogs.help
[2026-08-15 18:18:12] INFO     tamoza: Slash commands synced globally (may take up to 1 hour).
[2026-08-15 18:18:14] INFO     tamoza: ============================================================
[2026-08-15 18:18:14] INFO     tamoza: TamozaLogger is online!
[2026-08-15 18:18:14] INFO     tamoza:   User   : TamozaLogger#5871 (ID: 1537827250538414193)
[2026-08-15 18:18:14] INFO     tamoza:   Guilds : 1
[2026-08-15 18:18:14] INFO     tamoza: ============================================================
[2026-08-15 18:18:15] INFO     cogs.member_logs: [InviteTracker] In-memory cache warmed for 1 guilds.
[2026-08-15 18:18:15] INFO     tamoza: Invite cache seeded for 1/1 guilds.
[2026-08-15 18:21:21] WARNING  discord.client: PyNaCl is not installed, voice will NOT be supported
[2026-08-15 18:21:21] WARNING  discord.client: davey is not installed, voice will NOT be supported
[2026-08-15 18:21:21] INFO     discord.client: logging in using static token
[2026-08-15 18:21:22] INFO     tamoza: Initialising database pool…
[2026-08-15 18:21:22] INFO     database.db: Database pool established.
[2026-08-15 18:21:22] INFO     database.db: Schema applied successfully.
[2026-08-15 18:21:22] INFO     tamoza: Loading cogs…
[2026-08-15 18:21:22] INFO     tamoza:   ✓ Loaded cogs.settings
[2026-08-15 18:21:22] INFO     tamoza:   ✓ Loaded cogs.message_logs
[2026-08-15 18:21:22] INFO     tamoza:   ✓ Loaded cogs.member_logs
[2026-08-15 18:21:22] INFO     tamoza:   ✓ Loaded cogs.voice_logs
[2026-08-15 18:21:22] INFO     tamoza:   ✓ Loaded cogs.channel_logs
[2026-08-15 18:21:22] INFO     tamoza:   ✓ Loaded cogs.role_logs
[2026-08-15 18:21:22] INFO     tamoza:   ✓ Loaded cogs.server_logs
[2026-08-15 18:21:22] INFO     tamoza:   ✓ Loaded cogs.whois
[2026-08-15 18:21:22] INFO     tamoza:   ✓ Loaded cogs.help
[2026-08-15 18:21:22] INFO     tamoza: Slash commands synced globally (may take up to 1 hour).
[2026-08-15 18:21:27] INFO     tamoza: ============================================================
[2026-08-15 18:21:27] INFO     tamoza: TamozaLogger is online!
[2026-08-15 18:21:27] INFO     tamoza:   User   : TamozaLogger#5871 (ID: 1537827250538414193)
[2026-08-15 18:21:27] INFO     tamoza:   Guilds : 1
[2026-08-15 18:21:27] INFO     tamoza: ============================================================
[2026-08-15 18:21:27] INFO     cogs.member_logs: [InviteTracker] In-memory cache warmed for 1 guilds.
[2026-08-15 18:21:27] INFO     tamoza: Invite cache seeded for 1/1 guilds.
[2026-08-15 18:24:09] WARNING  discord.client: PyNaCl is not installed, voice will NOT be supported
[2026-08-15 18:24:09] WARNING  discord.client: davey is not installed, voice will NOT be supported
[2026-08-15 18:24:09] INFO     discord.client: logging in using static token
[2026-08-15 18:24:10] INFO     tamoza: Initialising database pool…
[2026-08-15 18:24:10] INFO     database.db: Database pool established.
[2026-08-15 18:24:10] INFO     database.db: Schema applied successfully.
[2026-08-15 18:24:10] INFO     tamoza: Loading cogs…
[2026-08-15 18:24:10] INFO     tamoza:   ✓ Loaded cogs.settings
[2026-08-15 18:24:10] INFO     tamoza:   ✓ Loaded cogs.message_logs
[2026-08-15 18:24:10] INFO     tamoza:   ✓ Loaded cogs.member_logs
[2026-08-15 18:24:10] INFO     tamoza:   ✓ Loaded cogs.voice_logs
[2026-08-15 18:24:10] INFO     tamoza:   ✓ Loaded cogs.channel_logs
[2026-08-15 18:24:10] INFO     tamoza:   ✓ Loaded cogs.role_logs
[2026-08-15 18:24:10] INFO     tamoza:   ✓ Loaded cogs.server_logs
[2026-08-15 18:24:10] INFO     tamoza:   ✓ Loaded cogs.whois
[2026-08-15 18:24:10] INFO     tamoza:   ✓ Loaded cogs.help
[2026-08-15 18:24:10] INFO     tamoza: Slash commands synced globally (may take up to 1 hour).
[2026-08-15 18:24:13] INFO     tamoza: ============================================================
[2026-08-15 18:24:13] INFO     tamoza: TamozaLogger is online!
[2026-08-15 18:24:13] INFO     tamoza:   User   : TamozaLogger#5871 (ID: 1537827250538414193)
[2026-08-15 18:24:13] INFO     tamoza:   Guilds : 1
[2026-08-15 18:24:13] INFO     tamoza: ============================================================
[2026-08-15 18:24:14] INFO     cogs.member_logs: [InviteTracker] In-memory cache warmed for 1 guilds.
[2026-08-15 18:24:14] INFO     tamoza: Invite cache seeded for 1/1 guilds.
[2026-08-15 19:04:55] WARNING  discord.client: PyNaCl is not installed, voice will NOT be supported
[2026-08-15 19:04:55] WARNING  discord.client: davey is not installed, voice will NOT be supported
[2026-08-15 19:04:55] INFO     discord.client: logging in using static token
[2026-08-15 19:04:56] INFO     tamoza: Initialising database pool…
[2026-08-15 19:04:56] INFO     database.db: Database pool established.
[2026-08-15 19:04:56] INFO     database.db: Schema applied successfully.
[2026-08-15 19:04:56] INFO     tamoza: Loading cogs…
[2026-08-15 19:04:56] INFO     tamoza:   ✓ Loaded cogs.settings
[2026-08-15 19:04:56] INFO     tamoza:   ✓ Loaded cogs.message_logs
[2026-08-15 19:04:56] INFO     tamoza:   ✓ Loaded cogs.member_logs
[2026-08-15 19:04:56] INFO     tamoza:   ✓ Loaded cogs.voice_logs
[2026-08-15 19:04:56] INFO     tamoza:   ✓ Loaded cogs.channel_logs
[2026-08-15 19:04:56] INFO     tamoza:   ✓ Loaded cogs.role_logs
[2026-08-15 19:04:56] INFO     tamoza:   ✓ Loaded cogs.server_logs
[2026-08-15 19:04:56] INFO     tamoza:   ✓ Loaded cogs.whois
[2026-08-15 19:04:56] INFO     tamoza:   ✓ Loaded cogs.help
[2026-08-15 19:04:56] INFO     tamoza:   ✓ Loaded cogs.channel_config
[2026-08-15 19:04:57] INFO     tamoza: Slash commands synced globally (may take up to 1 hour).
[2026-08-15 19:05:00] INFO     tamoza: ============================================================
[2026-08-15 19:05:00] INFO     tamoza: TamozaLogger is online!
[2026-08-15 19:05:00] INFO     tamoza:   User   : TamozaLogger#5871 (ID: 1537827250538414193)
[2026-08-15 19:05:00] INFO     tamoza:   Guilds : 1
[2026-08-15 19:05:00] INFO     tamoza: ============================================================
[2026-08-15 19:05:00] INFO     cogs.member_logs: [InviteTracker] In-memory cache warmed for 1 guilds.
[2026-08-15 19:05:00] INFO     tamoza: Invite cache seeded for 1/1 guilds.
[2026-08-15 19:05:43] INFO     tamoza: Shutting down — closing database pool…
[2026-08-15 19:05:43] INFO     database.db: Database pool closed.
[2026-08-15 19:05:43] INFO     tamoza: Received KeyboardInterrupt — shutting down.
[2026-08-15 19:06:29] ERROR    discord.app_commands.tree: Ignoring exception in autocomplete for 'channel-config set' (Guild: 1510375339669459024, User: 549538566666190848)
Traceback (most recent call last):
  File "C:\Users\Tamoza\AppData\Local\Python\pythoncore-3.14-64\Lib\site-packages\discord\app_commands\tree.py", line 1289, in _call
    await command._invoke_autocomplete(interaction, focused, namespace)
  File "C:\Users\Tamoza\AppData\Local\Python\pythoncore-3.14-64\Lib\site-packages\discord\app_commands\commands.py", line 919, in _invoke_autocomplete
    choices = await param.autocomplete(binding, interaction, value)
              ^^^^^^^^^^^^^^^^^^^^^^^^^^^^^^^^^^^^^^^^^^^^^^^^^^^^^
  File "E:\My Test Program\TamozaLogger\cogs\channel_config.py", line 208, in _name_autocomplete
    names = sorted(set(names))
TypeError: '<' not supported between instances of 'str' and 'property'
[2026-08-15 19:06:37] ERROR    discord.app_commands.tree: Ignoring exception in autocomplete for 'channel-config set' (Guild: 1510375339669459024, User: 549538566666190848)
Traceback (most recent call last):
  File "C:\Users\Tamoza\AppData\Local\Python\pythoncore-3.14-64\Lib\site-packages\discord\app_commands\tree.py", line 1289, in _call
    await command._invoke_autocomplete(interaction, focused, namespace)
  File "C:\Users\Tamoza\AppData\Local\Python\pythoncore-3.14-64\Lib\site-packages\discord\app_commands\commands.py", line 919, in _invoke_autocomplete
    choices = await param.autocomplete(binding, interaction, value)
              ^^^^^^^^^^^^^^^^^^^^^^^^^^^^^^^^^^^^^^^^^^^^^^^^^^^^^
  File "E:\My Test Program\TamozaLogger\cogs\channel_config.py", line 208, in _name_autocomplete
    names = sorted(set(names))
TypeError: '<' not supported between instances of 'str' and 'property'
[2026-08-15 19:06:44] ERROR    discord.app_commands.tree: Ignoring exception in autocomplete for 'channel-config set' (Guild: 1510375339669459024, User: 549538566666190848)
Traceback (most recent call last):
  File "C:\Users\Tamoza\AppData\Local\Python\pythoncore-3.14-64\Lib\site-packages\discord\app_commands\tree.py", line 1289, in _call
    await command._invoke_autocomplete(interaction, focused, namespace)
  File "C:\Users\Tamoza\AppData\Local\Python\pythoncore-3.14-64\Lib\site-packages\discord\app_commands\commands.py", line 919, in _invoke_autocomplete
    choices = await param.autocomplete(binding, interaction, value)
              ^^^^^^^^^^^^^^^^^^^^^^^^^^^^^^^^^^^^^^^^^^^^^^^^^^^^^
  File "E:\My Test Program\TamozaLogger\cogs\channel_config.py", line 208, in _name_autocomplete
    names = sorted(set(names))
TypeError: '<' not supported between instances of 'str' and 'property'
[2026-08-15 19:07:28] WARNING  discord.client: PyNaCl is not installed, voice will NOT be supported
[2026-08-15 19:07:28] WARNING  discord.client: davey is not installed, voice will NOT be supported
[2026-08-15 19:07:28] INFO     discord.client: logging in using static token
[2026-08-15 19:07:28] INFO     tamoza: Initialising database pool…
[2026-08-15 19:07:28] INFO     database.db: Database pool established.
[2026-08-15 19:07:28] INFO     database.db: Schema applied successfully.
[2026-08-15 19:07:28] INFO     tamoza: Loading cogs…
[2026-08-15 19:07:28] INFO     tamoza:   ✓ Loaded cogs.settings
[2026-08-15 19:07:28] INFO     tamoza:   ✓ Loaded cogs.message_logs
[2026-08-15 19:07:28] INFO     tamoza:   ✓ Loaded cogs.member_logs
[2026-08-15 19:07:28] INFO     tamoza:   ✓ Loaded cogs.voice_logs
[2026-08-15 19:07:28] INFO     tamoza:   ✓ Loaded cogs.channel_logs
[2026-08-15 19:07:28] INFO     tamoza:   ✓ Loaded cogs.role_logs
[2026-08-15 19:07:28] INFO     tamoza:   ✓ Loaded cogs.server_logs
[2026-08-15 19:07:28] INFO     tamoza:   ✓ Loaded cogs.whois
[2026-08-15 19:07:28] INFO     tamoza:   ✓ Loaded cogs.help
[2026-08-15 19:07:28] INFO     tamoza:   ✓ Loaded cogs.channel_config
[2026-08-15 19:07:29] INFO     tamoza: Slash commands synced globally (may take up to 1 hour).
[2026-08-15 19:07:32] INFO     tamoza: ============================================================
[2026-08-15 19:07:32] INFO     tamoza: TamozaLogger is online!
[2026-08-15 19:07:32] INFO     tamoza:   User   : TamozaLogger#5871 (ID: 1537827250538414193)
[2026-08-15 19:07:32] INFO     tamoza:   Guilds : 1
[2026-08-15 19:07:32] INFO     tamoza: ============================================================
[2026-08-15 19:07:32] INFO     cogs.member_logs: [InviteTracker] In-memory cache warmed for 1 guilds.
[2026-08-15 19:07:32] INFO     tamoza: Invite cache seeded for 1/1 guilds.
[2026-08-15 19:12:18] INFO     cogs.channel_config: Guild 1510375339669459024: channel-config set 'MessageLogs' → #test (1537832462774964275)
[2026-08-15 19:13:43] INFO     cogs.channel_config: Guild 1510375339669459024: channel-config set 'Help' → #test (1537832462774964275)
[2026-08-15 19:18:40] WARNING  discord.client: PyNaCl is not installed, voice will NOT be supported
[2026-08-15 19:18:40] WARNING  discord.client: davey is not installed, voice will NOT be supported
[2026-08-15 19:18:40] INFO     discord.client: logging in using static token
[2026-08-15 19:18:41] INFO     tamoza: Initialising database pool…
[2026-08-15 19:18:41] INFO     database.db: Database pool established.
[2026-08-15 19:18:41] INFO     database.db: Schema applied successfully.
[2026-08-15 19:18:41] INFO     tamoza: Loading cogs…
[2026-08-15 19:18:41] INFO     tamoza:   ✓ Loaded cogs.settings
[2026-08-15 19:18:41] INFO     tamoza:   ✓ Loaded cogs.message_logs
[2026-08-15 19:18:41] INFO     tamoza:   ✓ Loaded cogs.member_logs
[2026-08-15 19:18:41] INFO     tamoza:   ✓ Loaded cogs.voice_logs
[2026-08-15 19:18:41] INFO     tamoza:   ✓ Loaded cogs.channel_logs
[2026-08-15 19:18:41] INFO     tamoza:   ✓ Loaded cogs.role_logs
[2026-08-15 19:18:41] INFO     tamoza:   ✓ Loaded cogs.server_logs
[2026-08-15 19:18:41] INFO     tamoza:   ✓ Loaded cogs.whois
[2026-08-15 19:18:41] INFO     tamoza:   ✓ Loaded cogs.help
[2026-08-15 19:18:41] INFO     tamoza:   ✓ Loaded cogs.channel_config
[2026-08-15 19:18:42] INFO     tamoza: Slash commands synced globally (may take up to 1 hour).
[2026-08-15 19:18:45] INFO     tamoza: ============================================================
[2026-08-15 19:18:45] INFO     tamoza: TamozaLogger is online!
[2026-08-15 19:18:45] INFO     tamoza:   User   : TamozaLogger#5871 (ID: 1537827250538414193)
[2026-08-15 19:18:45] INFO     tamoza:   Guilds : 1
[2026-08-15 19:18:45] INFO     tamoza: ============================================================
[2026-08-15 19:18:45] INFO     cogs.member_logs: [InviteTracker] In-memory cache warmed for 1 guilds.
[2026-08-15 19:18:45] INFO     tamoza: Invite cache seeded for 1/1 guilds.
[2026-08-15 19:21:41] INFO     cogs.settings: Guild 1510375339669459024: set log channel for 'voice_move' to #test (1537832462774964275)
[2026-08-15 19:27:25] WARNING  discord.client: PyNaCl is not installed, voice will NOT be supported
[2026-08-15 19:27:25] WARNING  discord.client: davey is not installed, voice will NOT be supported
[2026-08-15 19:27:25] INFO     discord.client: logging in using static token
[2026-08-15 19:27:26] INFO     tamoza: Initialising database pool…
[2026-08-15 19:27:26] INFO     database.db: Database pool established.
[2026-08-15 19:27:26] INFO     database.db: Schema applied successfully.
[2026-08-15 19:27:26] INFO     tamoza: Loading cogs…
[2026-08-15 19:27:26] INFO     tamoza:   ✓ Loaded cogs.settings
[2026-08-15 19:27:26] INFO     tamoza:   ✓ Loaded cogs.message_logs
[2026-08-15 19:27:26] INFO     tamoza:   ✓ Loaded cogs.member_logs
[2026-08-15 19:27:26] INFO     tamoza:   ✓ Loaded cogs.voice_logs
[2026-08-15 19:27:26] INFO     tamoza:   ✓ Loaded cogs.channel_logs
[2026-08-15 19:27:26] INFO     tamoza:   ✓ Loaded cogs.role_logs
[2026-08-15 19:27:26] INFO     tamoza:   ✓ Loaded cogs.server_logs
[2026-08-15 19:27:26] INFO     tamoza:   ✓ Loaded cogs.whois
[2026-08-15 19:27:26] INFO     tamoza:   ✓ Loaded cogs.help
[2026-08-15 19:27:26] INFO     tamoza:   ✓ Loaded cogs.channel_config
[2026-08-15 19:27:26] INFO     tamoza: Slash commands synced globally (may take up to 1 hour).
[2026-08-15 19:27:29] INFO     tamoza: ============================================================
[2026-08-15 19:27:29] INFO     tamoza: TamozaLogger is online!
[2026-08-15 19:27:29] INFO     tamoza:   User   : TamozaLogger#5871 (ID: 1537827250538414193)
[2026-08-15 19:27:29] INFO     tamoza:   Guilds : 1
[2026-08-15 19:27:29] INFO     tamoza: ============================================================
[2026-08-15 19:27:30] INFO     cogs.member_logs: [InviteTracker] In-memory cache warmed for 1 guilds.
[2026-08-15 19:27:31] INFO     tamoza: Invite cache seeded for 1/1 guilds.
[2026-08-15 19:28:28] INFO     cogs.settings: Guild 1510375339669459024: set log channel for 'voice_move' to #test (1537832462774964275)
[2026-08-15 19:29:48] WARNING  discord.client: PyNaCl is not installed, voice will NOT be supported
[2026-08-15 19:29:48] WARNING  discord.client: davey is not installed, voice will NOT be supported
[2026-08-15 19:29:48] INFO     discord.client: logging in using static token
[2026-08-15 19:29:49] INFO     tamoza: Initialising database pool…
[2026-08-15 19:29:49] INFO     database.db: Database pool established.
[2026-08-15 19:29:49] INFO     database.db: Schema applied successfully.
[2026-08-15 19:29:49] INFO     tamoza: Loading cogs…
[2026-08-15 19:29:49] INFO     tamoza:   ✓ Loaded cogs.settings
[2026-08-15 19:29:49] INFO     tamoza:   ✓ Loaded cogs.message_logs
[2026-08-15 19:29:49] INFO     tamoza:   ✓ Loaded cogs.member_logs
[2026-08-15 19:29:49] INFO     tamoza:   ✓ Loaded cogs.voice_logs
[2026-08-15 19:29:49] INFO     tamoza:   ✓ Loaded cogs.channel_logs
[2026-08-15 19:29:49] INFO     tamoza:   ✓ Loaded cogs.role_logs
[2026-08-15 19:29:49] INFO     tamoza:   ✓ Loaded cogs.server_logs
[2026-08-15 19:29:49] INFO     tamoza:   ✓ Loaded cogs.whois
[2026-08-15 19:29:49] INFO     tamoza:   ✓ Loaded cogs.help
[2026-08-15 19:29:49] INFO     tamoza:   ✓ Loaded cogs.channel_config
[2026-08-15 19:29:49] INFO     tamoza: Slash commands synced globally (may take up to 1 hour).
[2026-08-15 19:29:52] INFO     tamoza: ============================================================
[2026-08-15 19:29:52] INFO     tamoza: TamozaLogger is online!
[2026-08-15 19:29:52] INFO     tamoza:   User   : TamozaLogger#5871 (ID: 1537827250538414193)
[2026-08-15 19:29:52] INFO     tamoza:   Guilds : 1
[2026-08-15 19:29:52] INFO     tamoza: ============================================================
[2026-08-15 19:29:53] INFO     cogs.member_logs: [InviteTracker] In-memory cache warmed for 1 guilds.
[2026-08-15 19:29:53] INFO     tamoza: Invite cache seeded for 1/1 guilds.
[2026-08-15 19:37:05] ERROR    discord.app_commands.tree: Ignoring exception in autocomplete for 'log set' (Guild: 1510375339669459024, User: 549538566666190848)
Traceback (most recent call last):
  File "C:\Users\Tamoza\AppData\Local\Python\pythoncore-3.14-64\Lib\site-packages\discord\app_commands\tree.py", line 1289, in _call
    await command._invoke_autocomplete(interaction, focused, namespace)
  File "C:\Users\Tamoza\AppData\Local\Python\pythoncore-3.14-64\Lib\site-packages\discord\app_commands\commands.py", line 928, in _invoke_autocomplete
    await interaction.response.autocomplete(choices)
  File "C:\Users\Tamoza\AppData\Local\Python\pythoncore-3.14-64\Lib\site-packages\discord\interactions.py", line 1359, in autocomplete
    await adapter.create_interaction_response(
    ...<6 lines>...
    )
  File "C:\Users\Tamoza\AppData\Local\Python\pythoncore-3.14-64\Lib\site-packages\discord\webhook\async_.py", line 224, in request
    raise NotFound(response, data)
discord.errors.NotFound: 404 Not Found (error code: 10062): Unknown interaction
[2026-08-15 19:37:54] ERROR    discord.app_commands.tree: Ignoring exception in autocomplete for 'log set' (Guild: 1510375339669459024, User: 549538566666190848)
Traceback (most recent call last):
  File "C:\Users\Tamoza\AppData\Local\Python\pythoncore-3.14-64\Lib\site-packages\discord\app_commands\tree.py", line 1289, in _call
    await command._invoke_autocomplete(interaction, focused, namespace)
  File "C:\Users\Tamoza\AppData\Local\Python\pythoncore-3.14-64\Lib\site-packages\discord\app_commands\commands.py", line 928, in _invoke_autocomplete
    await interaction.response.autocomplete(choices)
  File "C:\Users\Tamoza\AppData\Local\Python\pythoncore-3.14-64\Lib\site-packages\discord\interactions.py", line 1359, in autocomplete
    await adapter.create_interaction_response(
    ...<6 lines>...
    )
  File "C:\Users\Tamoza\AppData\Local\Python\pythoncore-3.14-64\Lib\site-packages\discord\webhook\async_.py", line 224, in request
    raise NotFound(response, data)
discord.errors.NotFound: 404 Not Found (error code: 10062): Unknown interaction
[2026-08-15 19:53:05] INFO     tamoza: Shutting down — closing database pool…
[2026-08-15 19:53:05] INFO     database.db: Database pool closed.
[2026-08-15 19:53:05] INFO     tamoza: Received KeyboardInterrupt — shutting down.
[2026-08-15 19:53:08] WARNING  discord.client: PyNaCl is not installed, voice will NOT be supported
[2026-08-15 19:53:08] WARNING  discord.client: davey is not installed, voice will NOT be supported
[2026-08-15 19:53:08] INFO     discord.client: logging in using static token
[2026-08-15 19:53:09] INFO     tamoza: Initialising database pool…
[2026-08-15 19:53:09] INFO     database.db: Database pool established.
[2026-08-15 19:53:09] INFO     database.db: Schema applied successfully.
[2026-08-15 19:53:09] INFO     tamoza: Loading cogs…
[2026-08-15 19:53:09] INFO     tamoza:   ✓ Loaded cogs.settings
[2026-08-15 19:53:09] INFO     tamoza:   ✓ Loaded cogs.message_logs
[2026-08-15 19:53:09] INFO     tamoza:   ✓ Loaded cogs.member_logs
[2026-08-15 19:53:09] INFO     tamoza:   ✓ Loaded cogs.voice_logs
[2026-08-15 19:53:09] INFO     tamoza:   ✓ Loaded cogs.channel_logs
[2026-08-15 19:53:09] INFO     tamoza:   ✓ Loaded cogs.role_logs
[2026-08-15 19:53:09] INFO     tamoza:   ✓ Loaded cogs.server_logs
[2026-08-15 19:53:09] INFO     tamoza:   ✓ Loaded cogs.whois
[2026-08-15 19:53:09] INFO     tamoza:   ✓ Loaded cogs.help
[2026-08-15 19:53:09] INFO     tamoza:   ✓ Loaded cogs.channel_config
[2026-08-15 19:53:09] INFO     tamoza: Slash commands synced globally (may take up to 1 hour).
[2026-08-15 19:53:12] INFO     tamoza: ============================================================
[2026-08-15 19:53:12] INFO     tamoza: TamozaLogger is online!
[2026-08-15 19:53:12] INFO     tamoza:   User   : TamozaLogger#5871 (ID: 1537827250538414193)
[2026-08-15 19:53:12] INFO     tamoza:   Guilds : 1
[2026-08-15 19:53:12] INFO     tamoza: ============================================================
[2026-08-15 19:53:12] INFO     cogs.member_logs: [InviteTracker] In-memory cache warmed for 1 guilds.
[2026-08-15 19:53:13] INFO     tamoza: Invite cache seeded for 1/1 guilds.
[2026-08-15 19:55:08] INFO     cogs.channel_config: Guild 1510375339669459024: channel-config clear 'VoiceLogs' — 0 rule(s) deleted.
[2026-08-15 20:00:36] WARNING  discord.client: PyNaCl is not installed, voice will NOT be supported
[2026-08-15 20:00:36] WARNING  discord.client: davey is not installed, voice will NOT be supported
[2026-08-15 20:00:36] INFO     discord.client: logging in using static token
[2026-08-15 20:00:37] INFO     tamoza: Initialising database pool…
[2026-08-15 20:00:37] INFO     database.db: Database pool established.
[2026-08-15 20:00:37] INFO     database.db: Schema applied successfully.
[2026-08-15 20:00:37] INFO     tamoza: Loading cogs…
[2026-08-15 20:00:37] INFO     tamoza:   ✓ Loaded cogs.settings
[2026-08-15 20:00:37] INFO     tamoza:   ✓ Loaded cogs.message_logs
[2026-08-15 20:00:37] INFO     tamoza:   ✓ Loaded cogs.member_logs
[2026-08-15 20:00:37] INFO     tamoza:   ✓ Loaded cogs.voice_logs
[2026-08-15 20:00:37] INFO     tamoza:   ✓ Loaded cogs.channel_logs
[2026-08-15 20:00:37] INFO     tamoza:   ✓ Loaded cogs.role_logs
[2026-08-15 20:00:37] INFO     tamoza:   ✓ Loaded cogs.server_logs
[2026-08-15 20:00:37] INFO     tamoza:   ✓ Loaded cogs.whois
[2026-08-15 20:00:37] INFO     tamoza:   ✓ Loaded cogs.help
[2026-08-15 20:00:37] INFO     tamoza: Slash commands synced globally (may take up to 1 hour).
[2026-08-15 20:00:40] INFO     tamoza: ============================================================
[2026-08-15 20:00:40] INFO     tamoza: TamozaLogger is online!
[2026-08-15 20:00:40] INFO     tamoza:   User   : TamozaLogger#5871 (ID: 1537827250538414193)
[2026-08-15 20:00:40] INFO     tamoza:   Guilds : 1
[2026-08-15 20:00:40] INFO     tamoza: ============================================================
[2026-08-15 20:00:41] INFO     cogs.member_logs: [InviteTracker] In-memory cache warmed for 1 guilds.
[2026-08-15 20:00:41] INFO     tamoza: Invite cache seeded for 1/1 guilds.
[2026-08-15 20:01:23] INFO     tamoza: Shutting down — closing database pool…
[2026-08-15 20:01:23] INFO     database.db: Database pool closed.
[2026-08-15 20:01:23] INFO     tamoza: Received KeyboardInterrupt — shutting down.
[2026-08-15 20:01:27] WARNING  discord.client: PyNaCl is not installed, voice will NOT be supported
[2026-08-15 20:01:27] WARNING  discord.client: davey is not installed, voice will NOT be supported
[2026-08-15 20:01:27] INFO     discord.client: logging in using static token
[2026-08-15 20:01:28] INFO     tamoza: Initialising database pool…
[2026-08-15 20:01:28] INFO     database.db: Database pool established.
[2026-08-15 20:01:28] INFO     database.db: Schema applied successfully.
[2026-08-15 20:01:28] INFO     tamoza: Loading cogs…
[2026-08-15 20:01:28] INFO     tamoza:   ✓ Loaded cogs.settings
[2026-08-15 20:01:28] INFO     tamoza:   ✓ Loaded cogs.message_logs
[2026-08-15 20:01:28] INFO     tamoza:   ✓ Loaded cogs.member_logs
[2026-08-15 20:01:28] INFO     tamoza:   ✓ Loaded cogs.voice_logs
[2026-08-15 20:01:28] INFO     tamoza:   ✓ Loaded cogs.channel_logs
[2026-08-15 20:01:28] INFO     tamoza:   ✓ Loaded cogs.role_logs
[2026-08-15 20:01:28] INFO     tamoza:   ✓ Loaded cogs.server_logs
[2026-08-15 20:01:28] INFO     tamoza:   ✓ Loaded cogs.whois
[2026-08-15 20:01:28] INFO     tamoza:   ✓ Loaded cogs.help
[2026-08-15 20:01:29] INFO     tamoza: Slash commands synced globally (may take up to 1 hour).
[2026-08-15 20:01:31] INFO     tamoza: ============================================================
[2026-08-15 20:01:31] INFO     tamoza: TamozaLogger is online!
[2026-08-15 20:01:31] INFO     tamoza:   User   : TamozaLogger#5871 (ID: 1537827250538414193)
[2026-08-15 20:01:31] INFO     tamoza:   Guilds : 1
[2026-08-15 20:01:31] INFO     tamoza: ============================================================
[2026-08-15 20:01:32] INFO     cogs.member_logs: [InviteTracker] In-memory cache warmed for 1 guilds.
[2026-08-15 20:01:32] INFO     tamoza: Invite cache seeded for 1/1 guilds.
[2026-08-15 21:56:26] INFO     cogs.settings: Guild 1510375339669459024: set log channel for 'message_delete' to #message-logs (1537831011520483328)
[2026-08-15 22:01:09] INFO     cogs.settings: Guild 1510375339669459024: set log channel for 'voice_disconnect' to #test (1537832462774964275)
[2026-08-15 22:10:37] INFO     cogs.settings: Guild 1510375339669459024: set log channel for 'voice_force_move' to #channel-logs (1537831103312830544)
[2026-08-15 22:31:03] INFO     cogs.settings: Guild 1510375339669459024: set log channel for 'role_update' to #role-logs (1537831158098821120)
[2026-08-15 22:42:12] INFO     tamoza: Shutting down — closing database pool…
[2026-08-15 22:42:12] INFO     database.db: Database pool closed.
[2026-08-15 22:42:12] INFO     tamoza: Received KeyboardInterrupt — shutting down.
[2026-08-15 22:42:25] WARNING  discord.client: PyNaCl is not installed, voice will NOT be supported
[2026-08-15 22:42:25] WARNING  discord.client: davey is not installed, voice will NOT be supported
[2026-08-15 22:42:25] INFO     discord.client: logging in using static token
[2026-08-15 22:42:26] INFO     tamoza: Initialising database pool…
[2026-08-15 22:42:26] INFO     database.db: Database pool established.
[2026-08-15 22:42:26] INFO     database.db: Schema applied successfully.
[2026-08-15 22:42:26] INFO     tamoza: Loading cogs…
[2026-08-15 22:42:26] INFO     tamoza:   ✓ Loaded cogs.settings
[2026-08-15 22:42:26] INFO     tamoza:   ✓ Loaded cogs.message_logs
[2026-08-15 22:42:26] INFO     tamoza:   ✓ Loaded cogs.member_logs
[2026-08-15 22:42:26] INFO     tamoza:   ✓ Loaded cogs.voice_logs
[2026-08-15 22:42:26] INFO     tamoza:   ✓ Loaded cogs.channel_logs
[2026-08-15 22:42:26] INFO     tamoza:   ✓ Loaded cogs.role_logs
[2026-08-15 22:42:26] INFO     tamoza:   ✓ Loaded cogs.server_logs
[2026-08-15 22:42:26] INFO     tamoza:   ✓ Loaded cogs.whois
[2026-08-15 22:42:26] INFO     tamoza:   ✓ Loaded cogs.help
[2026-08-15 22:42:27] INFO     tamoza: Slash commands synced globally (may take up to 1 hour).
[2026-08-15 22:42:29] INFO     tamoza: ============================================================
[2026-08-15 22:42:29] INFO     tamoza: TamozaLogger is online!
[2026-08-15 22:42:29] INFO     tamoza:   User   : TamozaLogger#5871 (ID: 1537827250538414193)
[2026-08-15 22:42:29] INFO     tamoza:   Guilds : 1
[2026-08-15 22:42:29] INFO     tamoza: ============================================================
[2026-08-15 22:42:30] INFO     cogs.member_logs: [InviteTracker] In-memory cache warmed for 1 guilds.
[2026-08-15 22:42:30] INFO     tamoza: Invite cache seeded for 1/1 guilds.
[2026-08-15 22:45:52] WARNING  discord.client: PyNaCl is not installed, voice will NOT be supported
[2026-08-15 22:45:52] WARNING  discord.client: davey is not installed, voice will NOT be supported
[2026-08-15 22:45:52] INFO     discord.client: logging in using static token
[2026-08-15 22:45:53] INFO     tamoza: Initialising database pool…
[2026-08-15 22:45:53] INFO     database.db: Database pool established.
[2026-08-15 22:45:53] INFO     database.db: Schema applied successfully.
[2026-08-15 22:45:53] INFO     tamoza: Loading cogs…
[2026-08-15 22:45:53] INFO     tamoza:   ✓ Loaded cogs.settings
[2026-08-15 22:45:53] INFO     tamoza:   ✓ Loaded cogs.message_logs
[2026-08-15 22:45:53] INFO     tamoza:   ✓ Loaded cogs.member_logs
[2026-08-15 22:45:53] INFO     tamoza:   ✓ Loaded cogs.voice_logs
[2026-08-15 22:45:53] INFO     tamoza:   ✓ Loaded cogs.channel_logs
[2026-08-15 22:45:53] INFO     tamoza:   ✓ Loaded cogs.role_logs
[2026-08-15 22:45:53] INFO     tamoza:   ✓ Loaded cogs.server_logs
[2026-08-15 22:45:53] INFO     tamoza:   ✓ Loaded cogs.whois
[2026-08-15 22:45:53] INFO     tamoza:   ✓ Loaded cogs.help
[2026-08-15 22:45:53] INFO     tamoza: Slash commands synced globally (may take up to 1 hour).
[2026-08-15 22:45:56] INFO     tamoza: ============================================================
[2026-08-15 22:45:56] INFO     tamoza: TamozaLogger is online!
[2026-08-15 22:45:56] INFO     tamoza:   User   : TamozaLogger#5871 (ID: 1537827250538414193)
[2026-08-15 22:45:56] INFO     tamoza:   Guilds : 1
[2026-08-15 22:45:56] INFO     tamoza: ============================================================
[2026-08-15 22:45:57] INFO     cogs.member_logs: [InviteTracker] In-memory cache warmed for 1 guilds.
[2026-08-15 22:45:57] INFO     tamoza: Invite cache seeded for 1/1 guilds.
[2026-08-16 18:46:19] INFO     discord.client: logging in using static token
[2026-08-16 18:46:20] INFO     tamoza: Initialising database pool…
[2026-08-16 18:46:20] INFO     database.db: Database pool established.
[2026-08-16 18:46:20] INFO     database.db: Schema applied successfully.
[2026-08-16 18:46:20] INFO     tamoza: Loading cogs…
[2026-08-16 18:46:20] INFO     tamoza:   ✓ Loaded cogs.settings
[2026-08-16 18:46:20] INFO     tamoza:   ✓ Loaded cogs.message_logs
[2026-08-16 18:46:20] INFO     tamoza:   ✓ Loaded cogs.member_logs
[2026-08-16 18:46:20] INFO     tamoza:   ✓ Loaded cogs.voice_logs
[2026-08-16 18:46:20] INFO     tamoza:   ✓ Loaded cogs.channel_logs
[2026-08-16 18:46:20] INFO     tamoza:   ✓ Loaded cogs.role_logs
[2026-08-16 18:46:20] INFO     tamoza:   ✓ Loaded cogs.server_logs
[2026-08-16 18:46:20] INFO     tamoza:   ✓ Loaded cogs.whois
[2026-08-16 18:46:20] INFO     tamoza:   ✓ Loaded cogs.help
[2026-08-16 18:46:20] INFO     tamoza: Slash commands synced globally (may take up to 1 hour).
[2026-08-16 18:46:23] INFO     tamoza: ============================================================
[2026-08-16 18:46:23] INFO     tamoza: TamozaLogger is online!
[2026-08-16 18:46:23] INFO     tamoza:   User   : TamozaLogger#5871 (ID: 1537827250538414193)
[2026-08-16 18:46:23] INFO     tamoza:   Guilds : 1
[2026-08-16 18:46:23] INFO     tamoza: ============================================================
[2026-08-16 18:46:24] INFO     cogs.member_logs: [InviteTracker] In-memory cache warmed for 1 guilds.
[2026-08-16 18:46:24] INFO     tamoza: Invite cache seeded for 1/1 guilds.
[2026-08-16 18:48:02] INFO     discord.client: logging in using static token
[2026-08-16 18:48:03] INFO     tamoza: Initialising database pool…
[2026-08-16 18:48:03] INFO     database.db: Database pool established.
[2026-08-16 18:48:03] INFO     database.db: Schema applied successfully.
[2026-08-16 18:48:03] INFO     tamoza: Loading cogs…
[2026-08-16 18:48:03] INFO     tamoza:   ✓ Loaded cogs.settings
[2026-08-16 18:48:03] INFO     tamoza:   ✓ Loaded cogs.message_logs
[2026-08-16 18:48:03] INFO     tamoza:   ✓ Loaded cogs.member_logs
[2026-08-16 18:48:03] INFO     tamoza:   ✓ Loaded cogs.voice_logs
[2026-08-16 18:48:03] INFO     tamoza:   ✓ Loaded cogs.channel_logs
[2026-08-16 18:48:03] INFO     tamoza:   ✓ Loaded cogs.role_logs
[2026-08-16 18:48:03] INFO     tamoza:   ✓ Loaded cogs.server_logs
[2026-08-16 18:48:03] INFO     tamoza:   ✓ Loaded cogs.whois
[2026-08-16 18:48:03] INFO     tamoza:   ✓ Loaded cogs.help
[2026-08-16 18:48:03] INFO     tamoza: Slash commands synced globally (may take up to 1 hour).
[2026-08-16 18:48:07] INFO     tamoza: ============================================================
[2026-08-16 18:48:07] INFO     tamoza: TamozaLogger is online!
[2026-08-16 18:48:07] INFO     tamoza:   User   : TamozaLogger#5871 (ID: 1537827250538414193)
[2026-08-16 18:48:07] INFO     tamoza:   Guilds : 1
[2026-08-16 18:48:07] INFO     tamoza: ============================================================
[2026-08-16 18:48:07] INFO     cogs.member_logs: [InviteTracker] In-memory cache warmed for 1 guilds.
[2026-08-16 18:48:08] INFO     tamoza: Invite cache seeded for 1/1 guilds.
[2026-08-16 18:51:41] INFO     discord.client: logging in using static token
[2026-08-16 18:51:41] INFO     tamoza: Initialising database pool…
[2026-08-16 18:51:41] INFO     database.db: Database pool established.
[2026-08-16 18:51:41] INFO     database.db: Schema applied successfully.
[2026-08-16 18:51:41] INFO     tamoza: Loading cogs…
[2026-08-16 18:51:41] INFO     tamoza:   ✓ Loaded cogs.settings
[2026-08-16 18:51:41] INFO     tamoza:   ✓ Loaded cogs.message_logs
[2026-08-16 18:51:41] INFO     tamoza:   ✓ Loaded cogs.member_logs
[2026-08-16 18:51:41] INFO     tamoza:   ✓ Loaded cogs.voice_logs
[2026-08-16 18:51:41] INFO     tamoza:   ✓ Loaded cogs.channel_logs
[2026-08-16 18:51:41] INFO     tamoza:   ✓ Loaded cogs.role_logs
[2026-08-16 18:51:41] INFO     tamoza:   ✓ Loaded cogs.server_logs
[2026-08-16 18:51:41] INFO     tamoza:   ✓ Loaded cogs.whois
[2026-08-16 18:51:41] INFO     tamoza:   ✓ Loaded cogs.help
[2026-08-16 18:51:42] INFO     tamoza: Slash commands synced globally (may take up to 1 hour).
[2026-08-16 18:51:45] INFO     tamoza: ============================================================
[2026-08-16 18:51:45] INFO     tamoza: TamozaLogger is online!
[2026-08-16 18:51:45] INFO     tamoza:   User   : TamozaLogger#5871 (ID: 1537827250538414193)
[2026-08-16 18:51:45] INFO     tamoza:   Guilds : 1
[2026-08-16 18:51:45] INFO     tamoza: ============================================================
[2026-08-16 18:51:45] INFO     cogs.member_logs: [InviteTracker] In-memory cache warmed for 1 guilds.
[2026-08-16 18:51:45] INFO     tamoza: Invite cache seeded for 1/1 guilds.
[2026-08-17 13:14:15] INFO     tamoza: Shutting down — closing database pool…
[2026-08-17 13:14:15] INFO     database.db: Database pool closed.
[2026-08-17 13:14:15] INFO     tamoza: Received KeyboardInterrupt — shutting down.
[2026-08-17 13:14:27] INFO     discord.client: logging in using static token
[2026-08-17 13:14:28] INFO     tamoza: Initialising database pool…
[2026-08-17 13:14:28] INFO     database.db: Database pool established.
[2026-08-17 13:14:28] INFO     database.db: Schema applied successfully.
[2026-08-17 13:14:28] INFO     tamoza: Loading cogs…
[2026-08-17 13:14:28] INFO     tamoza:   ✓ Loaded cogs.settings
[2026-08-17 13:14:28] INFO     tamoza:   ✓ Loaded cogs.message_logs
[2026-08-17 13:14:28] INFO     tamoza:   ✓ Loaded cogs.member_logs
[2026-08-17 13:14:28] INFO     tamoza:   ✓ Loaded cogs.voice_logs
[2026-08-17 13:14:28] INFO     tamoza:   ✓ Loaded cogs.channel_logs
[2026-08-17 13:14:28] INFO     tamoza:   ✓ Loaded cogs.role_logs
[2026-08-17 13:14:28] INFO     tamoza:   ✓ Loaded cogs.server_logs
[2026-08-17 13:14:28] INFO     tamoza:   ✓ Loaded cogs.whois
[2026-08-17 13:14:28] INFO     tamoza:   ✓ Loaded cogs.help
[2026-08-17 13:14:29] INFO     tamoza: Slash commands synced globally (may take up to 1 hour).
[2026-08-17 13:14:32] INFO     tamoza: ============================================================
[2026-08-17 13:14:32] INFO     tamoza: TamozaLogger is online!
[2026-08-17 13:14:32] INFO     tamoza:   User   : TamozaLogger#5871 (ID: 1537827250538414193)
[2026-08-17 13:14:32] INFO     tamoza:   Guilds : 1
[2026-08-17 13:14:32] INFO     tamoza: ============================================================
[2026-08-17 13:14:32] INFO     cogs.member_logs: [InviteTracker] In-memory cache warmed for 1 guilds.
[2026-08-17 13:14:32] INFO     tamoza: Invite cache seeded for 1/1 guilds.
[2026-08-17 18:35:05] INFO     discord.client: logging in using static token
[2026-08-17 18:35:06] INFO     tamoza: Initialising database pool…
[2026-08-17 18:35:06] INFO     database.db: Database pool established.
[2026-08-17 18:35:06] INFO     database.db: Schema applied successfully.
[2026-08-17 18:35:06] INFO     tamoza: Loading cogs…
[2026-08-17 18:35:06] INFO     tamoza:   ✓ Loaded cogs.settings
[2026-08-17 18:35:06] INFO     tamoza:   ✓ Loaded cogs.message_logs
[2026-08-17 18:35:06] INFO     tamoza:   ✓ Loaded cogs.member_logs
[2026-08-17 18:35:06] INFO     tamoza:   ✓ Loaded cogs.voice_logs
[2026-08-17 18:35:06] INFO     tamoza:   ✓ Loaded cogs.channel_logs
[2026-08-17 18:35:06] INFO     tamoza:   ✓ Loaded cogs.role_logs
[2026-08-17 18:35:06] INFO     tamoza:   ✓ Loaded cogs.server_logs
[2026-08-17 18:35:06] INFO     tamoza:   ✓ Loaded cogs.whois
[2026-08-17 18:35:06] INFO     tamoza:   ✓ Loaded cogs.help
[2026-08-17 18:35:06] INFO     tamoza: Slash commands synced globally (may take up to 1 hour).
[2026-08-17 18:35:09] INFO     tamoza: ============================================================
[2026-08-17 18:35:09] INFO     tamoza: TamozaLogger is online!
[2026-08-17 18:35:09] INFO     tamoza:   User   : TamozaLogger#5871 (ID: 1537827250538414193)
[2026-08-17 18:35:09] INFO     tamoza:   Guilds : 1
[2026-08-17 18:35:09] INFO     tamoza: ============================================================
[2026-08-17 18:35:09] INFO     cogs.member_logs: [InviteTracker] In-memory cache warmed for 1 guilds.
[2026-08-17 18:35:09] INFO     tamoza: Invite cache seeded for 1/1 guilds.
[2026-08-17 18:38:43] INFO     discord.client: logging in using static token
[2026-08-17 18:38:44] INFO     tamoza: Initialising database pool…
[2026-08-17 18:38:44] INFO     database.db: Database pool established.
[2026-08-17 18:38:44] INFO     database.db: Schema applied successfully.
[2026-08-17 18:38:44] INFO     tamoza: Loading cogs…
[2026-08-17 18:38:44] INFO     tamoza:   ✓ Loaded cogs.settings
[2026-08-17 18:38:44] INFO     tamoza:   ✓ Loaded cogs.message_logs
[2026-08-17 18:38:44] INFO     tamoza:   ✓ Loaded cogs.member_logs
[2026-08-17 18:38:44] INFO     tamoza:   ✓ Loaded cogs.voice_logs
[2026-08-17 18:38:44] INFO     tamoza:   ✓ Loaded cogs.channel_logs
[2026-08-17 18:38:44] INFO     tamoza:   ✓ Loaded cogs.role_logs
[2026-08-17 18:38:44] INFO     tamoza:   ✓ Loaded cogs.server_logs
[2026-08-17 18:38:44] INFO     tamoza:   ✓ Loaded cogs.whois
[2026-08-17 18:38:44] INFO     tamoza:   ✓ Loaded cogs.help
[2026-08-17 18:38:45] INFO     tamoza: Slash commands synced globally (may take up to 1 hour).
[2026-08-17 18:38:47] INFO     tamoza: ============================================================
[2026-08-17 18:38:47] INFO     tamoza: TamozaLogger is online!
[2026-08-17 18:38:47] INFO     tamoza:   User   : TamozaLogger#5871 (ID: 1537827250538414193)
[2026-08-17 18:38:47] INFO     tamoza:   Guilds : 1
[2026-08-17 18:38:47] INFO     tamoza: ============================================================
[2026-08-17 18:38:48] INFO     cogs.member_logs: [InviteTracker] In-memory cache warmed for 1 guilds.
[2026-08-17 18:38:48] INFO     tamoza: Invite cache seeded for 1/1 guilds.
[2026-08-17 18:41:29] INFO     discord.client: logging in using static token
[2026-08-17 18:41:29] INFO     tamoza: Initialising database pool…
[2026-08-17 18:41:29] INFO     database.db: Database pool established.
[2026-08-17 18:41:29] INFO     database.db: Schema applied successfully.
[2026-08-17 18:41:29] INFO     tamoza: Loading cogs…
[2026-08-17 18:41:29] INFO     tamoza:   ✓ Loaded cogs.settings
[2026-08-17 18:41:29] INFO     tamoza:   ✓ Loaded cogs.message_logs
[2026-08-17 18:41:29] INFO     tamoza:   ✓ Loaded cogs.member_logs
[2026-08-17 18:41:29] INFO     tamoza:   ✓ Loaded cogs.voice_logs
[2026-08-17 18:41:29] INFO     tamoza:   ✓ Loaded cogs.channel_logs
[2026-08-17 18:41:29] INFO     tamoza:   ✓ Loaded cogs.role_logs
[2026-08-17 18:41:29] INFO     tamoza:   ✓ Loaded cogs.server_logs
[2026-08-17 18:41:29] INFO     tamoza:   ✓ Loaded cogs.whois
[2026-08-17 18:41:29] INFO     tamoza:   ✓ Loaded cogs.help
[2026-08-17 18:41:30] INFO     tamoza: Slash commands synced globally (may take up to 1 hour).
[2026-08-17 18:41:33] INFO     tamoza: ============================================================
[2026-08-17 18:41:33] INFO     tamoza: TamozaLogger is online!
[2026-08-17 18:41:33] INFO     tamoza:   User   : TamozaLogger#5871 (ID: 1537827250538414193)
[2026-08-17 18:41:33] INFO     tamoza:   Guilds : 1
[2026-08-17 18:41:33] INFO     tamoza: ============================================================
[2026-08-17 18:41:33] INFO     cogs.member_logs: [InviteTracker] In-memory cache warmed for 1 guilds.
[2026-08-17 18:41:33] INFO     tamoza: Invite cache seeded for 1/1 guilds.
[2026-08-17 19:10:27] INFO     tamoza: Shutting down — closing database pool…
[2026-08-17 19:10:27] INFO     database.db: Database pool closed.
[2026-08-17 19:18:11] INFO     discord.client: logging in using static token
[2026-08-17 19:18:12] INFO     tamoza: Shutting down — closing database pool…
[2026-08-17 19:18:20] INFO     discord.client: logging in using static token
[2026-08-17 19:18:20] INFO     tamoza: Shutting down — closing database pool…
[2026-08-17 19:57:58] INFO     discord.client: logging in using static token
[2026-08-17 19:57:58] INFO     tamoza: Shutting down — closing database pool…
